indicator_id,country_id,year,value,magnitude,qualifier
200101,TGO,1970,2206.41500,,
200101,TGO,1971,2283.13200,,
200101,TGO,1972,2352.82000,,
200101,TGO,1973,2417.16900,,
200101,TGO,1974,2480.32900,,
200101,TGO,1975,2543.19200,,
200101,TGO,1976,2606.05300,,
200101,TGO,1977,2669.53800,,
200101,TGO,1978,2734.25100,,
200101,TGO,1979,2802.04400,,
200101,TGO,1980,2877.66400,,
200101,TGO,1981,2964.12300,,
200101,TGO,1982,3061.96200,,
200101,TGO,1983,3168.12200,,
200101,TGO,1984,3277.67600,,
200101,TGO,1985,3387.99800,,
200101,TGO,1986,3494.18500,,
200101,TGO,1987,3601.71900,,
200101,TGO,1988,3713.29800,,
200101,TGO,1989,3826.18600,,
200101,TGO,1990,3940.63600,,
200101,TGO,1991,4056.88600,,
200101,TGO,1992,4174.23500,,
200101,TGO,1993,4292.99900,,
200101,TGO,1994,4121.90800,,
200101,TGO,1995,4323.97100,,
200101,TGO,1996,4497.69300,,
200101,TGO,1997,4658.02700,,
200101,TGO,1998,4792.03300,,
200101,TGO,1999,4929.79200,,
200101,TGO,2000,5070.74600,,
200101,TGO,2001,5209.32700,,
200101,TGO,2002,5345.43700,,
200101,TGO,2003,5481.11000,,
200101,TGO,2004,5623.22300,,
200101,TGO,2005,5769.79300,,
200101,TGO,2006,5919.46900,,
200101,TGO,2007,6101.86800,,
200101,TGO,2008,6274.82000,,
200101,TGO,2009,6462.80400,,
200101,TGO,2010,6640.92700,,
200101,TGO,2011,6824.25300,,
200101,TGO,2012,7008.69500,,
200101,TGO,2013,7192.77700,,
200101,TGO,2014,7378.10700,,
200101,TGO,2015,7566.79400,,
200101,TGO,2016,7759.59700,,
200101,TGO,2017,7956.98100,,
200101,TGO,2018,8157.29800,,
200101,TGO,2019,8360.25800,,
200101,TGO,2020,8565.87800,,
200101,TGO,2021,8773.56300,,
200101,TGO,2022,8983.19400,,
200101,TGO,2023,9196.28300,,
200101,TGO,2024,9412.39200,,
200101,TGO,2025,9618.07900,,
200144,TGO,1970,414.89300,,
200144,TGO,1971,429.96700,,
200144,TGO,1972,442.78000,,
200144,TGO,1973,454.40500,,
200144,TGO,1974,465.82600,,
200144,TGO,1975,477.89900,,
200144,TGO,1976,488.51100,,
200144,TGO,1977,499.48800,,
200144,TGO,1978,511.11800,,
200144,TGO,1979,523.90300,,
200144,TGO,1980,538.63300,,
200144,TGO,1981,555.96800,,
200144,TGO,1982,575.87900,,
200144,TGO,1983,597.66300,,
200144,TGO,1984,620.55900,,
200144,TGO,1985,644.38800,,
200144,TGO,1986,668.02800,,
200144,TGO,1987,692.58800,,
200144,TGO,1988,718.19200,,
200144,TGO,1989,744.45000,,
200144,TGO,1990,771.59100,,
200144,TGO,1991,799.43900,,
200144,TGO,1992,827.82700,,
200144,TGO,1993,856.60100,,
200144,TGO,1994,827.56800,,
200144,TGO,1995,872.27100,,
200144,TGO,1996,911.07000,,
200144,TGO,1997,946.72200,,
200144,TGO,1998,977.61500,,
200144,TGO,1999,1007.74300,,
200144,TGO,2000,1036.59300,,
200144,TGO,2001,1062.68600,,
200144,TGO,2002,1086.75200,,
200144,TGO,2003,1110.11300,,
200144,TGO,2004,1134.86000,,
200144,TGO,2005,1160.46100,,
200144,TGO,2006,1185.73400,,
200144,TGO,2007,1219.27500,,
200144,TGO,2008,1247.56600,,
200144,TGO,2009,1278.89700,,
200144,TGO,2010,1305.26600,,
200144,TGO,2011,1331.54800,,
200144,TGO,2012,1357.61400,,
200144,TGO,2013,1383.74600,,
200144,TGO,2014,1411.61700,,
200144,TGO,2015,1441.86900,,
200144,TGO,2016,1474.12700,,
200144,TGO,2017,1508.75400,,
200144,TGO,2018,1545.30900,,
200144,TGO,2019,1583.56000,,
200144,TGO,2020,1622.77700,,
200144,TGO,2021,1667.21500,,
200144,TGO,2022,1716.54800,,
200144,TGO,2023,1770.83600,,
200144,TGO,2024,1827.43500,,
200144,TGO,2025,1882.54400,,
200151,TGO,1970,66.59200,,
200151,TGO,1971,68.28700,,
200151,TGO,1972,69.82900,,
200151,TGO,1973,71.29100,,
200151,TGO,1974,72.80800,,
200151,TGO,1975,74.41400,,
200151,TGO,1976,76.09400,,
200151,TGO,1977,77.89000,,
200151,TGO,1978,79.84800,,
200151,TGO,1979,81.97700,,
200151,TGO,1980,84.33600,,
200151,TGO,1981,87.05600,,
200151,TGO,1982,90.12700,,
200151,TGO,1983,93.43400,,
200151,TGO,1984,96.84900,,
200151,TGO,1985,100.27000,,
200151,TGO,1986,103.52800,,
200151,TGO,1987,106.77100,,
200151,TGO,1988,110.05400,,
200151,TGO,1989,113.30900,,
200151,TGO,1990,116.47600,,
200151,TGO,1991,119.55300,,
200151,TGO,1992,122.49500,,
200151,TGO,1993,125.33700,,
200151,TGO,1994,119.56500,,
200151,TGO,1995,124.62100,,
200151,TGO,1996,128.81300,,
200151,TGO,1997,132.64000,,
200151,TGO,1998,135.64300,,
200151,TGO,1999,138.72100,,
200151,TGO,2000,141.86300,,
200151,TGO,2001,144.97600,,
200151,TGO,2002,148.11400,,
200151,TGO,2003,151.36400,,
200151,TGO,2004,154.86500,,
200151,TGO,2005,158.54200,,
200151,TGO,2006,162.33300,,
200151,TGO,2007,166.97100,,
200151,TGO,2008,171.45800,,
200151,TGO,2009,176.54600,,
200151,TGO,2010,181.61900,,
200151,TGO,2011,187.11200,,
200151,TGO,2012,193.44400,,
200151,TGO,2013,200.10500,,
200151,TGO,2014,207.01600,,
200151,TGO,2015,213.88200,,
200151,TGO,2016,222.13600,,
200151,TGO,2017,230.65600,,
200151,TGO,2018,239.62800,,
200151,TGO,2019,248.95300,,
200151,TGO,2020,258.66700,,
200151,TGO,2021,267.87800,,
200151,TGO,2022,277.71500,,
200151,TGO,2023,288.65100,,
200151,TGO,2024,300.08200,,
200151,TGO,2025,311.45200,,
200343,TGO,1970,993.88900,,
200343,TGO,1971,1031.28700,,
200343,TGO,1972,1065.90800,,
200343,TGO,1973,1098.34300,,
200343,TGO,1974,1130.50800,,
200343,TGO,1975,1162.64900,,
200343,TGO,1976,1194.80600,,
200343,TGO,1977,1227.19600,,
200343,TGO,1978,1259.55100,,
200343,TGO,1979,1292.59500,,
200343,TGO,1980,1328.64500,,
200343,TGO,1981,1368.93500,,
200343,TGO,1982,1413.77300,,
200343,TGO,1983,1461.86100,,
200343,TGO,1984,1510.67000,,
200343,TGO,1985,1558.61000,,
200343,TGO,1986,1603.57300,,
200343,TGO,1987,1648.16300,,
200343,TGO,1988,1693.76800,,
200343,TGO,1989,1738.77800,,
200343,TGO,1990,1783.28200,,
200343,TGO,1991,1827.61400,,
200343,TGO,1992,1871.39100,,
200343,TGO,1993,1915.12200,,
200343,TGO,1994,1828.70800,,
200343,TGO,1995,1908.44100,,
200343,TGO,1996,1974.29600,,
200343,TGO,1997,2032.98600,,
200343,TGO,1998,2075.58500,,
200343,TGO,1999,2120.00700,,
200343,TGO,2000,2166.87400,,
200343,TGO,2001,2215.35500,,
200343,TGO,2002,2264.97200,,
200343,TGO,2003,2315.65200,,
200343,TGO,2004,2367.95400,,
200343,TGO,2005,2421.16600,,
200343,TGO,2006,2478.23000,,
200343,TGO,2007,2542.85400,,
200343,TGO,2008,2611.05200,,
200343,TGO,2009,2684.05600,,
200343,TGO,2010,2759.82100,,
200343,TGO,2011,2839.36400,,
200343,TGO,2012,2918.01400,,
200343,TGO,2013,2994.16100,,
200343,TGO,2014,3067.87500,,
200343,TGO,2015,3140.70400,,
200343,TGO,2016,3213.41600,,
200343,TGO,2017,3286.30000,,
200343,TGO,2018,3357.97400,,
200343,TGO,2019,3428.57400,,
200343,TGO,2020,3498.73900,,
200343,TGO,2021,3565.11200,,
200343,TGO,2022,3627.29300,,
200343,TGO,2023,3683.94000,,
200343,TGO,2024,3737.67400,,
200343,TGO,2025,3784.27400,,
200345,TGO,1970,731.04100,,
200345,TGO,1971,753.59100,,
200345,TGO,1972,774.30300,,
200345,TGO,1973,793.13000,,
200345,TGO,1974,811.18700,,
200345,TGO,1975,828.23000,,
200345,TGO,1976,846.64200,,
200345,TGO,1977,864.96400,,
200345,TGO,1978,883.73400,,
200345,TGO,1979,903.56900,,
200345,TGO,1980,926.05000,,
200345,TGO,1981,952.16400,,
200345,TGO,1982,982.18300,,
200345,TGO,1983,1015.16400,,
200345,TGO,1984,1049.59800,,
200345,TGO,1985,1084.73000,,
200345,TGO,1986,1119.05600,,
200345,TGO,1987,1154.19700,,
200345,TGO,1988,1191.28400,,
200345,TGO,1989,1229.64900,,
200345,TGO,1990,1269.28700,,
200345,TGO,1991,1310.28000,,
200345,TGO,1992,1352.52200,,
200345,TGO,1993,1395.93900,,
200345,TGO,1994,1346.06700,,
200345,TGO,1995,1418.63800,,
200345,TGO,1996,1483.51400,,
200345,TGO,1997,1545.67900,,
200345,TGO,1998,1603.19000,,
200345,TGO,1999,1663.32100,,
200345,TGO,2000,1725.41600,,
200345,TGO,2001,1786.31000,,
200345,TGO,2002,1845.59900,,
200345,TGO,2003,1903.98100,,
200345,TGO,2004,1965.54400,,
200345,TGO,2005,2029.62400,,
200345,TGO,2006,2093.17200,,
200345,TGO,2007,2172.76800,,
200345,TGO,2008,2244.74400,,
200345,TGO,2009,2323.30500,,
200345,TGO,2010,2394.22100,,
200345,TGO,2011,2466.22900,,
200345,TGO,2012,2539.62300,,
200345,TGO,2013,2614.76500,,
200345,TGO,2014,2691.59900,,
200345,TGO,2015,2770.33900,,
200345,TGO,2016,2849.91800,,
200345,TGO,2017,2931.27100,,
200345,TGO,2018,3014.38700,,
200345,TGO,2019,3099.17100,,
200345,TGO,2020,3185.69500,,
200345,TGO,2021,3273.35800,,
200345,TGO,2022,3361.63800,,
200345,TGO,2023,3452.85600,,
200345,TGO,2024,3547.20100,,
200345,TGO,2025,3639.80900,,
DT.TDS.DECT.GN.ZS,TGO,1970,0.66844,,
DT.TDS.DECT.GN.ZS,TGO,1971,0.60569,,
DT.TDS.DECT.GN.ZS,TGO,1972,1.13430,,
DT.TDS.DECT.GN.ZS,TGO,1973,1.17945,,
DT.TDS.DECT.GN.ZS,TGO,1974,1.07937,,
DT.TDS.DECT.GN.ZS,TGO,1975,1.91331,,
DT.TDS.DECT.GN.ZS,TGO,1976,2.64167,,
DT.TDS.DECT.GN.ZS,TGO,1977,5.22861,,
DT.TDS.DECT.GN.ZS,TGO,1978,4.99294,,
DT.TDS.DECT.GN.ZS,TGO,1979,2.43712,,
DT.TDS.DECT.GN.ZS,TGO,1980,3.34485,,
DT.TDS.DECT.GN.ZS,TGO,1981,6.67677,,
DT.TDS.DECT.GN.ZS,TGO,1982,7.56949,,
DT.TDS.DECT.GN.ZS,TGO,1983,5.72046,,
DT.TDS.DECT.GN.ZS,TGO,1984,9.35782,,
DT.TDS.DECT.GN.ZS,TGO,1985,10.71576,,
DT.TDS.DECT.GN.ZS,TGO,1986,9.92101,,
DT.TDS.DECT.GN.ZS,TGO,1987,5.27476,,
DT.TDS.DECT.GN.ZS,TGO,1988,6.92699,,
DT.TDS.DECT.GN.ZS,TGO,1989,4.88207,,
DT.TDS.DECT.GN.ZS,TGO,1990,3.77797,,
DT.TDS.DECT.GN.ZS,TGO,1991,2.42469,,
DT.TDS.DECT.GN.ZS,TGO,1992,1.52840,,
DT.TDS.DECT.GN.ZS,TGO,1993,1.51170,,
DT.TDS.DECT.GN.ZS,TGO,1994,1.70480,,
DT.TDS.DECT.GN.ZS,TGO,1995,1.60181,,
DT.TDS.DECT.GN.ZS,TGO,1996,2.84861,,
DT.TDS.DECT.GN.ZS,TGO,1997,2.67771,,
DT.TDS.DECT.GN.ZS,TGO,1998,1.79633,,
DT.TDS.DECT.GN.ZS,TGO,1999,1.93927,,
DT.TDS.DECT.GN.ZS,TGO,2000,1.45559,,
DT.TDS.DECT.GN.ZS,TGO,2001,1.66057,,
DT.TDS.DECT.GN.ZS,TGO,2002,0.62442,,
DT.TDS.DECT.GN.ZS,TGO,2003,0.65798,,
DT.TDS.DECT.GN.ZS,TGO,2004,0.69664,,
DT.TDS.DECT.GN.ZS,TGO,2005,0.66672,,
DT.TDS.DECT.GN.ZS,TGO,2006,0.81516,,
DT.TDS.DECT.GN.ZS,TGO,2007,0.41452,,
DT.TDS.DECT.GN.ZS,TGO,2008,4.27862,,
DT.TDS.DECT.GN.ZS,TGO,2009,1.14516,,
DT.TDS.DECT.GN.ZS,TGO,2010,0.77359,,
DT.TDS.DECT.GN.ZS,TGO,2011,0.27241,,
DT.TDS.DECT.GN.ZS,TGO,2012,0.44079,,
DT.TDS.DECT.GN.ZS,TGO,2013,0.87433,,
DT.TDS.DECT.GN.ZS,TGO,2014,0.95607,,
DT.TDS.DECT.GN.ZS,TGO,2015,1.03720,,
DT.TDS.DECT.GN.ZS,TGO,2016,1.48477,,
DT.TDS.DECT.GN.ZS,TGO,2017,1.68419,,
DT.TDS.DECT.GN.ZS,TGO,2018,1.63459,,
DT.TDS.DECT.GN.ZS,TGO,2019,1.61496,,
DT.TDS.DECT.GN.ZS,TGO,2020,1.41866,,
DT.TDS.DECT.GN.ZS,TGO,2021,2.05036,,
DT.TDS.DECT.GN.ZS,TGO,2022,3.01852,,
DT.TDS.DECT.GN.ZS,TGO,2023,2.80061,,
NY.GDP.DEFL.ZS,TGO,1970,9.89576,,
NY.GDP.DEFL.ZS,TGO,1971,11.12216,,
NY.GDP.DEFL.ZS,TGO,1972,11.08075,,
NY.GDP.DEFL.ZS,TGO,1973,11.42806,,
NY.GDP.DEFL.ZS,TGO,1974,16.23151,,
NY.GDP.DEFL.ZS,TGO,1975,15.53943,,
NY.GDP.DEFL.ZS,TGO,1976,17.74758,,
NY.GDP.DEFL.ZS,TGO,1977,21.41377,,
NY.GDP.DEFL.ZS,TGO,1978,18.77898,,
NY.GDP.DEFL.ZS,TGO,1979,20.19623,,
NY.GDP.DEFL.ZS,TGO,1980,22.30991,,
NY.GDP.DEFL.ZS,TGO,1981,25.13154,,
NY.GDP.DEFL.ZS,TGO,1982,26.91255,,
NY.GDP.DEFL.ZS,TGO,1983,30.75031,,
NY.GDP.DEFL.ZS,TGO,1984,31.32825,,
NY.GDP.DEFL.ZS,TGO,1985,32.39386,,
NY.GDP.DEFL.ZS,TGO,1986,34.20623,,
NY.GDP.DEFL.ZS,TGO,1987,34.77366,,
NY.GDP.DEFL.ZS,TGO,1988,35.67283,,
NY.GDP.DEFL.ZS,TGO,1989,36.02683,,
NY.GDP.DEFL.ZS,TGO,1990,37.09897,,
NY.GDP.DEFL.ZS,TGO,1991,38.08991,,
NY.GDP.DEFL.ZS,TGO,1992,39.32610,,
NY.GDP.DEFL.ZS,TGO,1993,36.10263,,
NY.GDP.DEFL.ZS,TGO,1994,49.04267,,
NY.GDP.DEFL.ZS,TGO,1995,54.47866,,
NY.GDP.DEFL.ZS,TGO,1996,57.41393,,
NY.GDP.DEFL.ZS,TGO,1997,58.58290,,
NY.GDP.DEFL.ZS,TGO,1998,64.18145,,
NY.GDP.DEFL.ZS,TGO,1999,64.89716,,
NY.GDP.DEFL.ZS,TGO,2000,71.41897,,
NY.GDP.DEFL.ZS,TGO,2001,72.58599,,
NY.GDP.DEFL.ZS,TGO,2002,76.23551,,
NY.GDP.DEFL.ZS,TGO,2003,74.02994,,
NY.GDP.DEFL.ZS,TGO,2004,72.61753,,
NY.GDP.DEFL.ZS,TGO,2005,76.88465,,
NY.GDP.DEFL.ZS,TGO,2006,76.49349,,
NY.GDP.DEFL.ZS,TGO,2007,80.29046,,
NY.GDP.DEFL.ZS,TGO,2008,87.57618,,
NY.GDP.DEFL.ZS,TGO,2009,90.30613,,
NY.GDP.DEFL.ZS,TGO,2010,90.22184,,
NY.GDP.DEFL.ZS,TGO,2011,92.76573,,
NY.GDP.DEFL.ZS,TGO,2012,94.38950,,
NY.GDP.DEFL.ZS,TGO,2013,95.97833,,
NY.GDP.DEFL.ZS,TGO,2014,96.43891,,
NY.GDP.DEFL.ZS,TGO,2015,98.56318,,
NY.GDP.DEFL.ZS,TGO,2016,100,,
NY.GDP.DEFL.ZS,TGO,2017,99.11505,,
NY.GDP.DEFL.ZS,TGO,2018,99.56529,,
NY.GDP.DEFL.ZS,TGO,2019,99.57718,,
NY.GDP.DEFL.ZS,TGO,2020,101.50212,,
NY.GDP.DEFL.ZS,TGO,2021,104.00554,,
NY.GDP.DEFL.ZS,TGO,2022,108.32781,,
NY.GDP.DEFL.ZS,TGO,2023,111.13845,,
NY.GDP.DEFL.ZS,TGO,2024,114.18490,,
NY.GDP.MKTP.CD,TGO,1970,358665753.90000,,
NY.GDP.MKTP.CD,TGO,1971,404648367.80000,,
NY.GDP.MKTP.CD,TGO,1972,474043921.80000,,
NY.GDP.MKTP.CD,TGO,1973,574030984,,
NY.GDP.MKTP.CD,TGO,1974,791450308.40000,,
NY.GDP.MKTP.CD,TGO,1975,871781686.90000,,
NY.GDP.MKTP.CD,TGO,1976,874681611.90000,,
NY.GDP.MKTP.CD,TGO,1977,1097893826,,
NY.GDP.MKTP.CD,TGO,1978,1164025637,,
NY.GDP.MKTP.CD,TGO,1979,1259365712,,
NY.GDP.MKTP.CD,TGO,1980,1604836916,,
NY.GDP.MKTP.CD,TGO,1981,1359026709,,
NY.GDP.MKTP.CD,TGO,1982,1160337039,,
NY.GDP.MKTP.CD,TGO,1983,1081387265,,
NY.GDP.MKTP.CD,TGO,1984,1014170069,,
NY.GDP.MKTP.CD,TGO,1985,1076604520,,
NY.GDP.MKTP.CD,TGO,1986,1498219579,,
NY.GDP.MKTP.CD,TGO,1987,1763978066,,
NY.GDP.MKTP.CD,TGO,1988,1947208354,,
NY.GDP.MKTP.CD,TGO,1989,1910635575,,
NY.GDP.MKTP.CD,TGO,1990,2299665506,,
NY.GDP.MKTP.CD,TGO,1991,2262767860,,
NY.GDP.MKTP.CD,TGO,1992,2390796916,,
NY.GDP.MKTP.CD,TGO,1993,1741944426,,
NY.GDP.MKTP.CD,TGO,1994,1387662121,,
NY.GDP.MKTP.CD,TGO,1995,1849110468,,
NY.GDP.MKTP.CD,TGO,1996,2069506014,,
NY.GDP.MKTP.CD,TGO,1997,2116818623,,
NY.GDP.MKTP.CD,TGO,1998,2241650112,,
NY.GDP.MKTP.CD,TGO,1999,2226577204,,
NY.GDP.MKTP.CD,TGO,2000,2106848752,,
NY.GDP.MKTP.CD,TGO,2001,2093498674,,
NY.GDP.MKTP.CD,TGO,2002,2410199032,,
NY.GDP.MKTP.CD,TGO,2003,2987984051,,
NY.GDP.MKTP.CD,TGO,2004,3191561509,,
NY.GDP.MKTP.CD,TGO,2005,3221910408,,
NY.GDP.MKTP.CD,TGO,2006,3320907722,,
NY.GDP.MKTP.CD,TGO,2007,3759964943,,
NY.GDP.MKTP.CD,TGO,2008,4578849658,,
NY.GDP.MKTP.CD,TGO,2009,4721890900,,
NY.GDP.MKTP.CD,TGO,2010,4746389532,,
NY.GDP.MKTP.CD,TGO,2011,5422442166,,
NY.GDP.MKTP.CD,TGO,2012,5413544658,,
NY.GDP.MKTP.CD,TGO,2013,6021732977,,
NY.GDP.MKTP.CD,TGO,2014,6393318262,,
NY.GDP.MKTP.CD,TGO,2015,5755461035,,
NY.GDP.MKTP.CD,TGO,2016,6071170959,,
NY.GDP.MKTP.CD,TGO,2017,6387422518,,
NY.GDP.MKTP.CD,TGO,2018,7029300383,,
NY.GDP.MKTP.CD,TGO,2019,6992700101,,
NY.GDP.MKTP.CD,TGO,2020,7400284168,,
NY.GDP.MKTP.CD,TGO,2021,8342243646,,
NY.GDP.MKTP.CD,TGO,2022,8169476149,,
NY.GDP.MKTP.CD,TGO,2023,9171261838,,
NY.GDP.MKTP.CD,TGO,2024,9925732120,,
NY.GDP.MKTP.CN,TGO,1970,99136339515,,
NY.GDP.MKTP.CN,TGO,1971,111423000000,,
NY.GDP.MKTP.CN,TGO,1972,119472000000,,
NY.GDP.MKTP.CN,TGO,1973,127945000000,,
NY.GDP.MKTP.CN,TGO,1974,190506000000,,
NY.GDP.MKTP.CN,TGO,1975,186834000000,,
NY.GDP.MKTP.CN,TGO,1976,209006000000,,
NY.GDP.MKTP.CN,TGO,1977,269730000000,,
NY.GDP.MKTP.CN,TGO,1978,262669000000,,
NY.GDP.MKTP.CN,TGO,1979,267894000000,,
NY.GDP.MKTP.CN,TGO,1980,339069000000,,
NY.GDP.MKTP.CN,TGO,1981,369290000000,,
NY.GDP.MKTP.CN,TGO,1982,381294000000,,
NY.GDP.MKTP.CN,TGO,1983,412080000000,,
NY.GDP.MKTP.CN,TGO,1984,443148000000,,
NY.GDP.MKTP.CN,TGO,1985,483679000000,,
NY.GDP.MKTP.CN,TGO,1986,518842000000,,
NY.GDP.MKTP.CN,TGO,1987,530140000000,,
NY.GDP.MKTP.CN,TGO,1988,579973000000,,
NY.GDP.MKTP.CN,TGO,1989,609509000000,,
NY.GDP.MKTP.CN,TGO,1990,626118000000,,
NY.GDP.MKTP.CN,TGO,1991,638342000000,,
NY.GDP.MKTP.CN,TGO,1992,632824000000,,
NY.GDP.MKTP.CN,TGO,1993,493253000000,,
NY.GDP.MKTP.CN,TGO,1994,770437000000,,
NY.GDP.MKTP.CN,TGO,1995,922981000000,,
NY.GDP.MKTP.CN,TGO,1996,1058660000000,,
NY.GDP.MKTP.CN,TGO,1997,1235520000000,,
NY.GDP.MKTP.CN,TGO,1998,1322470000000,,
NY.GDP.MKTP.CN,TGO,1999,1370400000000,,
NY.GDP.MKTP.CN,TGO,2000,1496300000000,,
NY.GDP.MKTP.CN,TGO,2001,1533270000000,,
NY.GDP.MKTP.CN,TGO,2002,1671990000000,,
NY.GDP.MKTP.CN,TGO,2003,1732720000000,,
NY.GDP.MKTP.CN,TGO,2004,1683030000000,,
NY.GDP.MKTP.CN,TGO,2005,1698780000000,,
NY.GDP.MKTP.CN,TGO,2006,1734930000000,,
NY.GDP.MKTP.CN,TGO,2007,1799650000000,,
NY.GDP.MKTP.CN,TGO,2008,2042170000000,,
NY.GDP.MKTP.CN,TGO,2009,2220670000000,,
NY.GDP.MKTP.CN,TGO,2010,2348490000000,,
NY.GDP.MKTP.CN,TGO,2011,2555320000000,,
NY.GDP.MKTP.CN,TGO,2012,2763920000000,,
NY.GDP.MKTP.CN,TGO,2013,2974130000000,,
NY.GDP.MKTP.CN,TGO,2014,3156750000000,,
NY.GDP.MKTP.CN,TGO,2015,3402700000000,,
NY.GDP.MKTP.CN,TGO,2016,3597810000000,,
NY.GDP.MKTP.CN,TGO,2017,3708900000000,,
NY.GDP.MKTP.CN,TGO,2018,3904400000000,,
NY.GDP.MKTP.CN,TGO,2019,4097100000000,,
NY.GDP.MKTP.CN,TGO,2020,4259500000000,,
NY.GDP.MKTP.CN,TGO,2021,4626030000000,,
NY.GDP.MKTP.CN,TGO,2022,5095790000000,,
NY.GDP.MKTP.CN,TGO,2023,5563010000000,,
NY.GDP.MKTP.CN,TGO,2024,6018420000000,,
NY.GDP.MKTP.KD,TGO,1970,1670150423,,
NY.GDP.MKTP.KD,TGO,1971,1670150423,,
NY.GDP.MKTP.KD,TGO,1972,1797502024,,
NY.GDP.MKTP.KD,TGO,1973,1866480877,,
NY.GDP.MKTP.KD,TGO,1974,1956685082,,
NY.GDP.MKTP.KD,TGO,1975,2004438787,,
NY.GDP.MKTP.KD,TGO,1976,1963317272,,
NY.GDP.MKTP.KD,TGO,1977,2099946197,,
NY.GDP.MKTP.KD,TGO,1978,2331894379,,
NY.GDP.MKTP.KD,TGO,1979,2211388079,,
NY.GDP.MKTP.KD,TGO,1980,2533741149,,
NY.GDP.MKTP.KD,TGO,1981,2449742915,,
NY.GDP.MKTP.KD,TGO,1982,2361983262,,
NY.GDP.MKTP.KD,TGO,1983,2234105305,,
NY.GDP.MKTP.KD,TGO,1984,2358222255,,
NY.GDP.MKTP.KD,TGO,1985,2489234522,,
NY.GDP.MKTP.KD,TGO,1986,2528726335,,
NY.GDP.MKTP.KD,TGO,1987,2541626941,,
NY.GDP.MKTP.KD,TGO,1988,2710451200,,
NY.GDP.MKTP.KD,TGO,1989,2820496107,,
NY.GDP.MKTP.KD,TGO,1990,2813623795,,
NY.GDP.MKTP.KD,TGO,1991,2793929343,,
NY.GDP.MKTP.KD,TGO,1992,2682711766,,
NY.GDP.MKTP.KD,TGO,1993,2277734226,,
NY.GDP.MKTP.KD,TGO,1994,2618993805,,
NY.GDP.MKTP.KD,TGO,1995,2824475668,,
NY.GDP.MKTP.KD,TGO,1996,3074052315,,
NY.GDP.MKTP.KD,TGO,1997,3516020423,,
NY.GDP.MKTP.KD,TGO,1998,3435156293,,
NY.GDP.MKTP.KD,TGO,1999,3520408334,,
NY.GDP.MKTP.KD,TGO,2000,3492826653,,
NY.GDP.MKTP.KD,TGO,2001,3521587941,,
NY.GDP.MKTP.KD,TGO,2002,3656345820,,
NY.GDP.MKTP.KD,TGO,2003,3902058527,,
NY.GDP.MKTP.KD,TGO,2004,3863870433,,
NY.GDP.MKTP.KD,TGO,2005,3683570671,,
NY.GDP.MKTP.KD,TGO,2006,3781190160,,
NY.GDP.MKTP.KD,TGO,2007,3736756623,,
NY.GDP.MKTP.KD,TGO,2008,3887558865,,
NY.GDP.MKTP.KD,TGO,2009,4099579483,,
NY.GDP.MKTP.KD,TGO,2010,4339583325,,
NY.GDP.MKTP.KD,TGO,2011,4592288208,,
NY.GDP.MKTP.KD,TGO,2012,4881726147,,
NY.GDP.MKTP.KD,TGO,2013,5166050855,,
NY.GDP.MKTP.KD,TGO,2014,5457066909,,
NY.GDP.MKTP.KD,TGO,2015,5755461035,,
NY.GDP.MKTP.KD,TGO,2016,5998047710,,
NY.GDP.MKTP.KD,TGO,2017,6238457455,,
NY.GDP.MKTP.KD,TGO,2018,6537595250,,
NY.GDP.MKTP.KD,TGO,2019,6859436221,,
NY.GDP.MKTP.KD,TGO,2020,6996086824,,
NY.GDP.MKTP.KD,TGO,2021,7415213718,,
NY.GDP.MKTP.KD,TGO,2022,7842296104,,
NY.GDP.MKTP.KD,TGO,2023,8344824334,,
NY.GDP.MKTP.KD,TGO,2024,8787100467,,
NY.GDP.MKTP.KD.ZG,TGO,1970,2.52430,,
NY.GDP.MKTP.KD.ZG,TGO,1971,0,,
NY.GDP.MKTP.KD.ZG,TGO,1972,7.62516,,
NY.GDP.MKTP.KD.ZG,TGO,1973,3.83748,,
NY.GDP.MKTP.KD.ZG,TGO,1974,4.83285,,
NY.GDP.MKTP.KD.ZG,TGO,1975,2.44054,,
NY.GDP.MKTP.KD.ZG,TGO,1976,-2.05152,,
NY.GDP.MKTP.KD.ZG,TGO,1977,6.95909,,
NY.GDP.MKTP.KD.ZG,TGO,1978,11.04543,,
NY.GDP.MKTP.KD.ZG,TGO,1979,-5.16774,,
NY.GDP.MKTP.KD.ZG,TGO,1980,14.57696,,
NY.GDP.MKTP.KD.ZG,TGO,1981,-3.31519,,
NY.GDP.MKTP.KD.ZG,TGO,1982,-3.58240,,
NY.GDP.MKTP.KD.ZG,TGO,1983,-5.41401,,
NY.GDP.MKTP.KD.ZG,TGO,1984,5.55556,,
NY.GDP.MKTP.KD.ZG,TGO,1985,5.55555,,
NY.GDP.MKTP.KD.ZG,TGO,1986,1.58650,,
NY.GDP.MKTP.KD.ZG,TGO,1987,0.51016,,
NY.GDP.MKTP.KD.ZG,TGO,1988,6.64237,,
NY.GDP.MKTP.KD.ZG,TGO,1989,4.06002,,
NY.GDP.MKTP.KD.ZG,TGO,1990,-0.24366,,
NY.GDP.MKTP.KD.ZG,TGO,1991,-0.69997,,
NY.GDP.MKTP.KD.ZG,TGO,1992,-3.98069,,
NY.GDP.MKTP.KD.ZG,TGO,1993,-15.09583,,
NY.GDP.MKTP.KD.ZG,TGO,1994,14.98241,,
NY.GDP.MKTP.KD.ZG,TGO,1995,7.84583,,
NY.GDP.MKTP.KD.ZG,TGO,1996,8.83621,,
NY.GDP.MKTP.KD.ZG,TGO,1997,14.37738,,
NY.GDP.MKTP.KD.ZG,TGO,1998,-2.29988,,
NY.GDP.MKTP.KD.ZG,TGO,1999,2.48175,,
NY.GDP.MKTP.KD.ZG,TGO,2000,-0.78348,,
NY.GDP.MKTP.KD.ZG,TGO,2001,0.82344,,
NY.GDP.MKTP.KD.ZG,TGO,2002,3.82662,,
NY.GDP.MKTP.KD.ZG,TGO,2003,6.72017,,
NY.GDP.MKTP.KD.ZG,TGO,2004,-0.97867,,
NY.GDP.MKTP.KD.ZG,TGO,2005,-4.66630,,
NY.GDP.MKTP.KD.ZG,TGO,2006,2.65013,,
NY.GDP.MKTP.KD.ZG,TGO,2007,-1.17512,,
NY.GDP.MKTP.KD.ZG,TGO,2008,4.03565,,
NY.GDP.MKTP.KD.ZG,TGO,2009,5.45382,,
NY.GDP.MKTP.KD.ZG,TGO,2010,5.85435,,
NY.GDP.MKTP.KD.ZG,TGO,2011,5.82325,,
NY.GDP.MKTP.KD.ZG,TGO,2012,6.30270,,
NY.GDP.MKTP.KD.ZG,TGO,2013,5.82427,,
NY.GDP.MKTP.KD.ZG,TGO,2014,5.63324,,
NY.GDP.MKTP.KD.ZG,TGO,2015,5.46803,,
NY.GDP.MKTP.KD.ZG,TGO,2016,4.21490,,
NY.GDP.MKTP.KD.ZG,TGO,2017,4.00813,,
NY.GDP.MKTP.KD.ZG,TGO,2018,4.79506,,
NY.GDP.MKTP.KD.ZG,TGO,2019,4.92293,,
NY.GDP.MKTP.KD.ZG,TGO,2020,1.99216,,
NY.GDP.MKTP.KD.ZG,TGO,2021,5.99088,,
NY.GDP.MKTP.KD.ZG,TGO,2022,5.75954,,
NY.GDP.MKTP.KD.ZG,TGO,2023,6.40792,,
NY.GDP.MKTP.KD.ZG,TGO,2024,5.30001,,
NY.GDP.MKTP.KN,TGO,1970,1001810000000,,
NY.GDP.MKTP.KN,TGO,1971,1001810000000,,
NY.GDP.MKTP.KN,TGO,1972,1078200000000,,
NY.GDP.MKTP.KN,TGO,1973,1119570000000,,
NY.GDP.MKTP.KN,TGO,1974,1173680000000,,
NY.GDP.MKTP.KN,TGO,1975,1202320000000,,
NY.GDP.MKTP.KN,TGO,1976,1177660000000,,
NY.GDP.MKTP.KN,TGO,1977,1259610000000,,
NY.GDP.MKTP.KN,TGO,1978,1398740000000,,
NY.GDP.MKTP.KN,TGO,1979,1326460000000,,
NY.GDP.MKTP.KN,TGO,1980,1519810000000,,
NY.GDP.MKTP.KN,TGO,1981,1469430000000,,
NY.GDP.MKTP.KN,TGO,1982,1416790000000,,
NY.GDP.MKTP.KN,TGO,1983,1340080000000,,
NY.GDP.MKTP.KN,TGO,1984,1414530000000,,
NY.GDP.MKTP.KN,TGO,1985,1493120000000,,
NY.GDP.MKTP.KN,TGO,1986,1516810000000,,
NY.GDP.MKTP.KN,TGO,1987,1524540000000,,
NY.GDP.MKTP.KN,TGO,1988,1625810000000,,
NY.GDP.MKTP.KN,TGO,1989,1691820000000,,
NY.GDP.MKTP.KN,TGO,1990,1687700000000,,
NY.GDP.MKTP.KN,TGO,1991,1675880000000,,
NY.GDP.MKTP.KN,TGO,1992,1609170000000,,
NY.GDP.MKTP.KN,TGO,1993,1366250000000,,
NY.GDP.MKTP.KN,TGO,1994,1570950000000,,
NY.GDP.MKTP.KN,TGO,1995,1694210000000,,
NY.GDP.MKTP.KN,TGO,1996,1843910000000,,
NY.GDP.MKTP.KN,TGO,1997,2109020000000,,
NY.GDP.MKTP.KN,TGO,1998,2060510000000,,
NY.GDP.MKTP.KN,TGO,1999,2111650000000,,
NY.GDP.MKTP.KN,TGO,2000,2095100000000,,
NY.GDP.MKTP.KN,TGO,2001,2112350000000,,
NY.GDP.MKTP.KN,TGO,2002,2193190000000,,
NY.GDP.MKTP.KN,TGO,2003,2340570000000,,
NY.GDP.MKTP.KN,TGO,2004,2317670000000,,
NY.GDP.MKTP.KN,TGO,2005,2209520000000,,
NY.GDP.MKTP.KN,TGO,2006,2268070000000,,
NY.GDP.MKTP.KN,TGO,2007,2241420000000,,
NY.GDP.MKTP.KN,TGO,2008,2331880000000,,
NY.GDP.MKTP.KN,TGO,2009,2459050000000,,
NY.GDP.MKTP.KN,TGO,2010,2603010000000,,
NY.GDP.MKTP.KN,TGO,2011,2754590000000,,
NY.GDP.MKTP.KN,TGO,2012,2928210000000,,
NY.GDP.MKTP.KN,TGO,2013,3098750000000,,
NY.GDP.MKTP.KN,TGO,2014,3273310000000,,
NY.GDP.MKTP.KN,TGO,2015,3452300000000,,
NY.GDP.MKTP.KN,TGO,2016,3597810000000,,
NY.GDP.MKTP.KN,TGO,2017,3742020000000,,
NY.GDP.MKTP.KN,TGO,2018,3921450000000,,
NY.GDP.MKTP.KN,TGO,2019,4114500000000,,
NY.GDP.MKTP.KN,TGO,2020,4196460000000,,
NY.GDP.MKTP.KN,TGO,2021,4447870000000,,
NY.GDP.MKTP.KN,TGO,2022,4704050000000,,
NY.GDP.MKTP.KN,TGO,2023,5005480000000,,
NY.GDP.MKTP.KN,TGO,2024,5270770000000,,
NY.GDP.MKTP.PP.CD,TGO,1990,4439300422,,
NY.GDP.MKTP.PP.CD,TGO,1991,4557304674,,
NY.GDP.MKTP.PP.CD,TGO,1992,4475612868,,
NY.GDP.MKTP.PP.CD,TGO,1993,3890053989,,
NY.GDP.MKTP.PP.CD,TGO,1994,4568382817,,
NY.GDP.MKTP.PP.CD,TGO,1995,5030110340,,
NY.GDP.MKTP.PP.CD,TGO,1996,5574808233,,
NY.GDP.MKTP.PP.CD,TGO,1997,6486275773,,
NY.GDP.MKTP.PP.CD,TGO,1998,6408319918,,
NY.GDP.MKTP.PP.CD,TGO,1999,6660293056,,
NY.GDP.MKTP.PP.CD,TGO,2000,6757797630,,
NY.GDP.MKTP.PP.CD,TGO,2001,6966861585,,
NY.GDP.MKTP.PP.CD,TGO,2002,7345864620,,
NY.GDP.MKTP.PP.CD,TGO,2003,7994296098,,
NY.GDP.MKTP.PP.CD,TGO,2004,8128928446,,
NY.GDP.MKTP.PP.CD,TGO,2005,7992593755,,
NY.GDP.MKTP.PP.CD,TGO,2006,8457418597,,
NY.GDP.MKTP.PP.CD,TGO,2007,8584474485,,
NY.GDP.MKTP.PP.CD,TGO,2008,9102986199,,
NY.GDP.MKTP.PP.CD,TGO,2009,9658654582,,
NY.GDP.MKTP.PP.CD,TGO,2010,10348358489,,
NY.GDP.MKTP.PP.CD,TGO,2011,11176899996,,
NY.GDP.MKTP.PP.CD,TGO,2012,11682939063,,
NY.GDP.MKTP.PP.CD,TGO,2013,12497168116,,
NY.GDP.MKTP.PP.CD,TGO,2014,13473941586,,
NY.GDP.MKTP.PP.CD,TGO,2015,14404273148,,
NY.GDP.MKTP.PP.CD,TGO,2016,15189500689,,
NY.GDP.MKTP.PP.CD,TGO,2017,15997658425,,
NY.GDP.MKTP.PP.CD,TGO,2018,17071648257,,
NY.GDP.MKTP.PP.CD,TGO,2019,18743273071,,
NY.GDP.MKTP.PP.CD,TGO,2020,20432437141,,
NY.GDP.MKTP.PP.CD,TGO,2021,22881375789,,
NY.GDP.MKTP.PP.CD,TGO,2022,25924518421,,
NY.GDP.MKTP.PP.CD,TGO,2023,28578384314,,
NY.GDP.MKTP.PP.CD,TGO,2024,30820719452,,
NY.GDP.MKTP.PP.KD,TGO,1990,8682094115,,
NY.GDP.MKTP.PP.KD,TGO,1991,8621322278,,
NY.GDP.MKTP.PP.KD,TGO,1992,8278134439,,
NY.GDP.MKTP.PP.KD,TGO,1993,7028481546,,
NY.GDP.MKTP.PP.KD,TGO,1994,8081517773,,
NY.GDP.MKTP.PP.KD,TGO,1995,8715580106,,
NY.GDP.MKTP.PP.KD,TGO,1996,9485707209,,
NY.GDP.MKTP.PP.KD,TGO,1997,10849503150,,
NY.GDP.MKTP.PP.KD,TGO,1998,10599977969,,
NY.GDP.MKTP.PP.KD,TGO,1999,10863043075,,
NY.GDP.MKTP.PP.KD,TGO,2000,10777933348,,
NY.GDP.MKTP.PP.KD,TGO,2001,10866683027,,
NY.GDP.MKTP.PP.KD,TGO,2002,11282509973,,
NY.GDP.MKTP.PP.KD,TGO,2003,12040713985,,
NY.GDP.MKTP.PP.KD,TGO,2004,11922875691,,
NY.GDP.MKTP.PP.KD,TGO,2005,11366518616,,
NY.GDP.MKTP.PP.KD,TGO,2006,11667746374,,
NY.GDP.MKTP.PP.KD,TGO,2007,11530636308,,
NY.GDP.MKTP.PP.KD,TGO,2008,11995971887,,
NY.GDP.MKTP.PP.KD,TGO,2009,12650211080,,
NY.GDP.MKTP.PP.KD,TGO,2010,13390799053,,
NY.GDP.MKTP.PP.KD,TGO,2011,14170579058,,
NY.GDP.MKTP.PP.KD,TGO,2012,15063707496,,
NY.GDP.MKTP.PP.KD,TGO,2013,15941057865,,
NY.GDP.MKTP.PP.KD,TGO,2014,16839055947,,
NY.GDP.MKTP.PP.KD,TGO,2015,17759820796,,
NY.GDP.MKTP.PP.KD,TGO,2016,18508378703,,
NY.GDP.MKTP.PP.KD,TGO,2017,19250219186,,
NY.GDP.MKTP.PP.KD,TGO,2018,20173278798,,
NY.GDP.MKTP.PP.KD,TGO,2019,21166394368,,
NY.GDP.MKTP.PP.KD,TGO,2020,21588061756,,
NY.GDP.MKTP.PP.KD,TGO,2021,22881375789,,
NY.GDP.MKTP.PP.KD,TGO,2022,24199238356,,
NY.GDP.MKTP.PP.KD,TGO,2023,25749906712,,
NY.GDP.MKTP.PP.KD,TGO,2024,27114653136,,
NY.GDP.PCAP.CD,TGO,1970,159.77818,,
NY.GDP.PCAP.CD,TGO,1971,174.56970,,
NY.GDP.PCAP.CD,TGO,1972,198.76105,,
NY.GDP.PCAP.CD,TGO,1973,234.41806,,
NY.GDP.PCAP.CD,TGO,1974,315.09790,,
NY.GDP.PCAP.CD,TGO,1975,338.60570,,
NY.GDP.PCAP.CD,TGO,1976,331.59562,,
NY.GDP.PCAP.CD,TGO,1977,406.34230,,
NY.GDP.PCAP.CD,TGO,1978,420.50701,,
NY.GDP.PCAP.CD,TGO,1979,443.46143,,
NY.GDP.PCAP.CD,TGO,1980,549.43347,,
NY.GDP.PCAP.CD,TGO,1981,451.04790,,
NY.GDP.PCAP.CD,TGO,1982,372.49483,,
NY.GDP.PCAP.CD,TGO,1983,335.53247,,
NY.GDP.PCAP.CD,TGO,1984,304.29633,,
NY.GDP.PCAP.CD,TGO,1985,312.86720,,
NY.GDP.PCAP.CD,TGO,1986,422.27730,,
NY.GDP.PCAP.CD,TGO,1987,482.28960,,
NY.GDP.PCAP.CD,TGO,1988,516.53624,,
NY.GDP.PCAP.CD,TGO,1989,491.99932,,
NY.GDP.PCAP.CD,TGO,1990,575.09451,,
NY.GDP.PCAP.CD,TGO,1991,549.80801,,
NY.GDP.PCAP.CD,TGO,1992,564.71734,,
NY.GDP.PCAP.CD,TGO,1993,414.01400,,
NY.GDP.PCAP.CD,TGO,1994,328.60096,,
NY.GDP.PCAP.CD,TGO,1995,419.22033,,
NY.GDP.PCAP.CD,TGO,1996,452.06844,,
NY.GDP.PCAP.CD,TGO,1997,448.00110,,
NY.GDP.PCAP.CD,TGO,1998,461.15825,,
NY.GDP.PCAP.CD,TGO,1999,445.29148,,
NY.GDP.PCAP.CD,TGO,2000,409.88980,,
NY.GDP.PCAP.CD,TGO,2001,396.69265,,
NY.GDP.PCAP.CD,TGO,2002,445.23869,,
NY.GDP.PCAP.CD,TGO,2003,538.16538,,
NY.GDP.PCAP.CD,TGO,2004,560.26631,,
NY.GDP.PCAP.CD,TGO,2005,551.25985,,
NY.GDP.PCAP.CD,TGO,2006,552.50227,,
NY.GDP.PCAP.CD,TGO,2007,607.58822,,
NY.GDP.PCAP.CD,TGO,2008,718.94879,,
NY.GDP.PCAP.CD,TGO,2009,720.69417,,
NY.GDP.PCAP.CD,TGO,2010,704.98716,,
NY.GDP.PCAP.CD,TGO,2011,783.98938,,
NY.GDP.PCAP.CD,TGO,2012,762.39205,,
NY.GDP.PCAP.CD,TGO,2013,826.54326,,
NY.GDP.PCAP.CD,TGO,2014,855.58528,,
NY.GDP.PCAP.CD,TGO,2015,751.05241,,
NY.GDP.PCAP.CD,TGO,2016,772.58179,,
NY.GDP.PCAP.CD,TGO,2017,792.76549,,
NY.GDP.PCAP.CD,TGO,2018,851.13081,,
NY.GDP.PCAP.CD,TGO,2019,826.26065,,
NY.GDP.PCAP.CD,TGO,2020,853.57822,,
NY.GDP.PCAP.CD,TGO,2021,939.61337,,
NY.GDP.PCAP.CD,TGO,2022,898.75815,,
NY.GDP.PCAP.CD,TGO,2023,985.69751,,
NY.GDP.PCAP.CD,TGO,2024,1043.14093,,
NY.GDP.PCAP.CN,TGO,1970,44163.19134,,
NY.GDP.PCAP.CN,TGO,1971,48068.89324,,
NY.GDP.PCAP.CN,TGO,1972,50093.27685,,
NY.GDP.PCAP.CN,TGO,1973,52249.24933,,
NY.GDP.PCAP.CN,TGO,1974,75845.53608,,
NY.GDP.PCAP.CN,TGO,1975,72567.56972,,
NY.GDP.PCAP.CN,TGO,1976,79234.93828,,
NY.GDP.PCAP.CN,TGO,1977,99830.04941,,
NY.GDP.PCAP.CN,TGO,1978,94889.87086,,
NY.GDP.PCAP.CN,TGO,1979,94333.84412,,
NY.GDP.PCAP.CN,TGO,1980,116084.05830,,
NY.GDP.PCAP.CN,TGO,1981,122563.90050,,
NY.GDP.PCAP.CN,TGO,1982,122404.13030,,
NY.GDP.PCAP.CN,TGO,1983,127860.02860,,
NY.GDP.PCAP.CN,TGO,1984,132964.31000,,
NY.GDP.PCAP.CN,TGO,1985,140559.64720,,
NY.GDP.PCAP.CN,TGO,1986,146237.12090,,
NY.GDP.PCAP.CN,TGO,1987,144945.65790,,
NY.GDP.PCAP.CN,TGO,1988,153849.39880,,
NY.GDP.PCAP.CN,TGO,1989,156951.86650,,
NY.GDP.PCAP.CN,TGO,1990,156577.98540,,
NY.GDP.PCAP.CN,TGO,1991,155104.63870,,
NY.GDP.PCAP.CN,TGO,1992,149476.04880,,
NY.GDP.PCAP.CN,TGO,1993,117233.27060,,
NY.GDP.PCAP.CN,TGO,1994,182440.79390,,
NY.GDP.PCAP.CN,TGO,1995,209253.17030,,
NY.GDP.PCAP.CN,TGO,1996,231256.70740,,
NY.GDP.PCAP.CN,TGO,1997,261484.51890,,
NY.GDP.PCAP.CN,TGO,1998,272061.12570,,
NY.GDP.PCAP.CN,TGO,1999,274065.04100,,
NY.GDP.PCAP.CN,TGO,2000,291107.00760,,
NY.GDP.PCAP.CN,TGO,2001,290536.78500,,
NY.GDP.PCAP.CN,TGO,2002,308867.96950,,
NY.GDP.PCAP.CN,TGO,2003,312080.71730,,
NY.GDP.PCAP.CN,TGO,2004,295449.73250,,
NY.GDP.PCAP.CN,TGO,2005,290656.36610,,
NY.GDP.PCAP.CN,TGO,2006,288641.34440,,
NY.GDP.PCAP.CN,TGO,2007,290812.21090,,
NY.GDP.PCAP.CN,TGO,2008,320651.18820,,
NY.GDP.PCAP.CN,TGO,2009,338937.72760,,
NY.GDP.PCAP.CN,TGO,2010,348823.60360,,
NY.GDP.PCAP.CN,TGO,2011,369453.91840,,
NY.GDP.PCAP.CN,TGO,2012,389244.09190,,
NY.GDP.PCAP.CN,TGO,2013,408229.40510,,
NY.GDP.PCAP.CN,TGO,2014,422451.50580,,
NY.GDP.PCAP.CN,TGO,2015,444030.96770,,
NY.GDP.PCAP.CN,TGO,2016,457836.30510,,
NY.GDP.PCAP.CN,TGO,2017,460324.63130,,
NY.GDP.PCAP.CN,TGO,2018,472757.59200,,
NY.GDP.PCAP.CN,TGO,2019,484115.21680,,
NY.GDP.PCAP.CN,TGO,2020,491307.67780,,
NY.GDP.PCAP.CN,TGO,2021,521044.43840,,
NY.GDP.PCAP.CN,TGO,2022,560609.11770,,
NY.GDP.PCAP.CN,TGO,2023,597894.29380,,
NY.GDP.PCAP.CN,TGO,2024,632503.59740,,
NY.GDP.PCAP.PP.CD,TGO,1990,1110.16898,,
NY.GDP.PCAP.PP.CD,TGO,1991,1107.33525,,
NY.GDP.PCAP.PP.CD,TGO,1992,1057.16055,,
NY.GDP.PCAP.PP.CD,TGO,1993,924.56267,,
NY.GDP.PCAP.PP.CD,TGO,1994,1081.80150,,
NY.GDP.PCAP.PP.CD,TGO,1995,1140.39944,,
NY.GDP.PCAP.PP.CD,TGO,1996,1217.77604,,
NY.GDP.PCAP.PP.CD,TGO,1997,1372.74806,,
NY.GDP.PCAP.PP.CD,TGO,1998,1318.33668,,
NY.GDP.PCAP.PP.CD,TGO,1999,1331.98695,,
NY.GDP.PCAP.PP.CD,TGO,2000,1314.73716,,
NY.GDP.PCAP.PP.CD,TGO,2001,1320.13593,,
NY.GDP.PCAP.PP.CD,TGO,2002,1357.00957,,
NY.GDP.PCAP.PP.CD,TGO,2003,1439.85152,,
NY.GDP.PCAP.PP.CD,TGO,2004,1427.00202,,
NY.GDP.PCAP.PP.CD,TGO,2005,1367.51041,,
NY.GDP.PCAP.PP.CD,TGO,2006,1407.06800,,
NY.GDP.PCAP.PP.CD,TGO,2007,1387.20060,,
NY.GDP.PCAP.PP.CD,TGO,2008,1429.30678,,
NY.GDP.PCAP.PP.CD,TGO,2009,1474.18400,,
NY.GDP.PCAP.PP.CD,TGO,2010,1537.05461,,
NY.GDP.PCAP.PP.CD,TGO,2011,1615.98236,,
NY.GDP.PCAP.PP.CD,TGO,2012,1645.31382,,
NY.GDP.PCAP.PP.CD,TGO,2013,1715.36169,,
NY.GDP.PCAP.PP.CD,TGO,2014,1803.14911,,
NY.GDP.PCAP.PP.CD,TGO,2015,1879.66940,,
NY.GDP.PCAP.PP.CD,TGO,2016,1932.92722,,
NY.GDP.PCAP.PP.CD,TGO,2017,1985.52569,,
NY.GDP.PCAP.PP.CD,TGO,2018,2067.09131,,
NY.GDP.PCAP.PP.CD,TGO,2019,2214.71375,,
NY.GDP.PCAP.PP.CD,TGO,2020,2356.75860,,
NY.GDP.PCAP.PP.CD,TGO,2021,2577.20196,,
NY.GDP.PCAP.PP.CD,TGO,2022,2852.06443,,
NY.GDP.PCAP.PP.CD,TGO,2023,3071.51217,,
NY.GDP.PCAP.PP.CD,TGO,2024,3239.09144,,
NY.GDP.PCAP.PP.KD,TGO,1990,2171.19606,,
NY.GDP.PCAP.PP.KD,TGO,1991,2094.81147,,
NY.GDP.PCAP.PP.KD,TGO,1992,1955.33381,,
NY.GDP.PCAP.PP.KD,TGO,1993,1670.48367,,
NY.GDP.PCAP.PP.KD,TGO,1994,1913.71835,,
NY.GDP.PCAP.PP.KD,TGO,1995,1975.94923,,
NY.GDP.PCAP.PP.KD,TGO,1996,2072.08329,,
NY.GDP.PCAP.PP.KD,TGO,1997,2296.17656,,
NY.GDP.PCAP.PP.KD,TGO,1998,2180.65577,,
NY.GDP.PCAP.PP.KD,TGO,1999,2172.49174,,
NY.GDP.PCAP.PP.KD,TGO,2000,2096.85910,,
NY.GDP.PCAP.PP.KD,TGO,2001,2059.10488,,
NY.GDP.PCAP.PP.KD,TGO,2002,2084.23035,,
NY.GDP.PCAP.PP.KD,TGO,2003,2168.65126,,
NY.GDP.PCAP.PP.KD,TGO,2004,2093.01482,,
NY.GDP.PCAP.PP.KD,TGO,2005,1944.77951,,
NY.GDP.PCAP.PP.KD,TGO,2006,1941.17299,,
NY.GDP.PCAP.PP.KD,TGO,2007,1863.28302,,
NY.GDP.PCAP.PP.KD,TGO,2008,1883.54938,,
NY.GDP.PCAP.PP.KD,TGO,2009,1930.78018,,
NY.GDP.PCAP.PP.KD,TGO,2010,1988.95211,,
NY.GDP.PCAP.PP.KD,TGO,2011,2048.81549,,
NY.GDP.PCAP.PP.KD,TGO,2012,2121.42903,,
NY.GDP.PCAP.PP.KD,TGO,2013,2188.07011,,
NY.GDP.PCAP.PP.KD,TGO,2014,2253.48526,,
NY.GDP.PCAP.PP.KD,TGO,2015,2317.54781,,
NY.GDP.PCAP.PP.KD,TGO,2016,2355.26827,,
NY.GDP.PCAP.PP.KD,TGO,2017,2389.21245,,
NY.GDP.PCAP.PP.KD,TGO,2018,2442.64694,,
NY.GDP.PCAP.PP.KD,TGO,2019,2501.03087,,
NY.GDP.PCAP.PP.KD,TGO,2020,2490.05294,,
NY.GDP.PCAP.PP.KD,TGO,2021,2577.20196,,
NY.GDP.PCAP.PP.KD,TGO,2022,2662.25917,,
NY.GDP.PCAP.PP.KD,TGO,2023,2767.51656,,
NY.GDP.PCAP.PP.KD,TGO,2024,2849.60385,,
NY.GNP.MKTP.CN,TGO,1970,97892572715,,
NY.GNP.MKTP.CN,TGO,1971,110155000000,,
NY.GNP.MKTP.CN,TGO,1972,117528000000,,
NY.GNP.MKTP.CN,TGO,1973,125102000000,,
NY.GNP.MKTP.CN,TGO,1974,190602000000,,
NY.GNP.MKTP.CN,TGO,1975,185794000000,,
NY.GNP.MKTP.CN,TGO,1976,208066000000,,
NY.GNP.MKTP.CN,TGO,1977,266480000000,,
NY.GNP.MKTP.CN,TGO,1978,258049000000,,
NY.GNP.MKTP.CN,TGO,1979,263244000000,,
NY.GNP.MKTP.CN,TGO,1980,330629000000,,
NY.GNP.MKTP.CN,TGO,1981,361740000000,,
NY.GNP.MKTP.CN,TGO,1982,367374000000,,
NY.GNP.MKTP.CN,TGO,1983,395640000000,,
NY.GNP.MKTP.CN,TGO,1984,426188000000,,
NY.GNP.MKTP.CN,TGO,1985,466619000000,,
NY.GNP.MKTP.CN,TGO,1986,504302000000,,
NY.GNP.MKTP.CN,TGO,1987,515960000000,,
NY.GNP.MKTP.CN,TGO,1988,565193000000,,
NY.GNP.MKTP.CN,TGO,1989,596799000000,,
NY.GNP.MKTP.CN,TGO,1990,617278000000,,
NY.GNP.MKTP.CN,TGO,1991,630172000000,,
NY.GNP.MKTP.CN,TGO,1992,625624000000,,
NY.GNP.MKTP.CN,TGO,1993,495853000000,,
NY.GNP.MKTP.CN,TGO,1994,745527000000,,
NY.GNP.MKTP.CN,TGO,1995,906201000000,,
NY.GNP.MKTP.CN,TGO,1996,1045130000000,,
NY.GNP.MKTP.CN,TGO,1997,1218690000000,,
NY.GNP.MKTP.CN,TGO,1998,1308700000000,,
NY.GNP.MKTP.CN,TGO,1999,1346770000000,,
NY.GNP.MKTP.CN,TGO,2000,1475600000000,,
NY.GNP.MKTP.CN,TGO,2001,1511770000000,,
NY.GNP.MKTP.CN,TGO,2002,1657180000000,,
NY.GNP.MKTP.CN,TGO,2003,1719160000000,,
NY.GNP.MKTP.CN,TGO,2004,1664700000000,,
NY.GNP.MKTP.CN,TGO,2005,1680570000000,,
NY.GNP.MKTP.CN,TGO,2006,1715170000000,,
NY.GNP.MKTP.CN,TGO,2007,1785160000000,,
NY.GNP.MKTP.CN,TGO,2008,2035420000000,,
NY.GNP.MKTP.CN,TGO,2009,2211680000000,,
NY.GNP.MKTP.CN,TGO,2010,2336860000000,,
NY.GNP.MKTP.CN,TGO,2011,2665520000000,,
NY.GNP.MKTP.CN,TGO,2012,2766970000000,,
NY.GNP.MKTP.CN,TGO,2013,2986610000000,,
NY.GNP.MKTP.CN,TGO,2014,3179540000000,,
NY.GNP.MKTP.CN,TGO,2015,3480890000000,,
NY.GNP.MKTP.CN,TGO,2016,3623650000000,,
NY.GNP.MKTP.CN,TGO,2017,3711800000000,,
NY.GNP.MKTP.CN,TGO,2018,3915140000000,,
NY.GNP.MKTP.CN,TGO,2019,4110060000000,,
NY.GNP.MKTP.CN,TGO,2020,4284110000000,,
NY.GNP.MKTP.CN,TGO,2021,4636370000000,,
NY.GNP.MKTP.CN,TGO,2022,5102630000000,,
NY.GNP.MKTP.CN,TGO,2023,5575280000000,,
NY.GNP.MKTP.CN,TGO,2024,6032130000000,,
NY.GNP.PCAP.CD,TGO,1970,170,,
NY.GNP.PCAP.CD,TGO,1971,170,,
NY.GNP.PCAP.CD,TGO,1972,190,,
NY.GNP.PCAP.CD,TGO,1973,230,,
NY.GNP.PCAP.CD,TGO,1974,300,,
NY.GNP.PCAP.CD,TGO,1975,350,,
NY.GNP.PCAP.CD,TGO,1976,350,,
NY.GNP.PCAP.CD,TGO,1977,380,,
NY.GNP.PCAP.CD,TGO,1978,440,,
NY.GNP.PCAP.CD,TGO,1979,460,,
NY.GNP.PCAP.CD,TGO,1980,560,,
NY.GNP.PCAP.CD,TGO,1981,520,,
NY.GNP.PCAP.CD,TGO,1982,420,,
NY.GNP.PCAP.CD,TGO,1983,330,,
NY.GNP.PCAP.CD,TGO,1984,310,,
NY.GNP.PCAP.CD,TGO,1985,310,,
NY.GNP.PCAP.CD,TGO,1986,340,,
NY.GNP.PCAP.CD,TGO,1987,410,,
NY.GNP.PCAP.CD,TGO,1988,530,,
NY.GNP.PCAP.CD,TGO,1989,540,,
NY.GNP.PCAP.CD,TGO,1990,540,,
NY.GNP.PCAP.CD,TGO,1991,530,,
NY.GNP.PCAP.CD,TGO,1992,550,,
NY.GNP.PCAP.CD,TGO,1993,460,,
NY.GNP.PCAP.CD,TGO,1994,430,,
NY.GNP.PCAP.CD,TGO,1995,420,,
NY.GNP.PCAP.CD,TGO,1996,420,,
NY.GNP.PCAP.CD,TGO,1997,480,,
NY.GNP.PCAP.CD,TGO,1998,440,,
NY.GNP.PCAP.CD,TGO,1999,430,,
NY.GNP.PCAP.CD,TGO,2000,420,,
NY.GNP.PCAP.CD,TGO,2001,400,,
NY.GNP.PCAP.CD,TGO,2002,410,,
NY.GNP.PCAP.CD,TGO,2003,470,,
NY.GNP.PCAP.CD,TGO,2004,530,,
NY.GNP.PCAP.CD,TGO,2005,550,,
NY.GNP.PCAP.CD,TGO,2006,560,,
NY.GNP.PCAP.CD,TGO,2007,570,,
NY.GNP.PCAP.CD,TGO,2008,640,,
NY.GNP.PCAP.CD,TGO,2009,710,,
NY.GNP.PCAP.CD,TGO,2010,740,,
NY.GNP.PCAP.CD,TGO,2011,800,,
NY.GNP.PCAP.CD,TGO,2012,790,,
NY.GNP.PCAP.CD,TGO,2013,830,,
NY.GNP.PCAP.CD,TGO,2014,850,,
NY.GNP.PCAP.CD,TGO,2015,840,,
NY.GNP.PCAP.CD,TGO,2016,800,,
NY.GNP.PCAP.CD,TGO,2017,770,,
NY.GNP.PCAP.CD,TGO,2018,830,,
NY.GNP.PCAP.CD,TGO,2019,860,,
NY.GNP.PCAP.CD,TGO,2020,860,,
NY.GNP.PCAP.CD,TGO,2021,920,,
NY.GNP.PCAP.CD,TGO,2022,970,,
NY.GNP.PCAP.CD,TGO,2023,1000,,
NY.GNP.PCAP.CD,TGO,2024,1010,,
NY.GNP.PCAP.CN,TGO,1970,43609.11892,,
NY.GNP.PCAP.CN,TGO,1971,47521.97084,,
NY.GNP.PCAP.CN,TGO,1972,49278.12788,,
NY.GNP.PCAP.CN,TGO,1973,51088.20452,,
NY.GNP.PCAP.CN,TGO,1974,75883.86801,,
NY.GNP.PCAP.CN,TGO,1975,72163.62693,,
NY.GNP.PCAP.CN,TGO,1976,78878.58017,,
NY.GNP.PCAP.CN,TGO,1977,98627.18949,,
NY.GNP.PCAP.CN,TGO,1978,93220.88495,,
NY.GNP.PCAP.CN,TGO,1979,92696.43600,,
NY.GNP.PCAP.CN,TGO,1980,113194.53200,,
NY.GNP.PCAP.CN,TGO,1981,120058.12810,,
NY.GNP.PCAP.CN,TGO,1982,117935.49070,,
NY.GNP.PCAP.CN,TGO,1983,122759.03100,,
NY.GNP.PCAP.CN,TGO,1984,127875.55230,,
NY.GNP.PCAP.CN,TGO,1985,135601.91720,,
NY.GNP.PCAP.CN,TGO,1986,142138.98210,,
NY.GNP.PCAP.CN,TGO,1987,141068.70120,,
NY.GNP.PCAP.CN,TGO,1988,149928.70610,,
NY.GNP.PCAP.CN,TGO,1989,153678.97060,,
NY.GNP.PCAP.CN,TGO,1990,154367.30060,,
NY.GNP.PCAP.CN,TGO,1991,153119.48960,,
NY.GNP.PCAP.CN,TGO,1992,147775.37540,,
NY.GNP.PCAP.CN,TGO,1993,117851.22170,,
NY.GNP.PCAP.CN,TGO,1994,176542.05990,,
NY.GNP.PCAP.CN,TGO,1995,205448.89940,,
NY.GNP.PCAP.CN,TGO,1996,228301.17800,,
NY.GNP.PCAP.CN,TGO,1997,257922.63670,,
NY.GNP.PCAP.CN,TGO,1998,269228.32450,,
NY.GNP.PCAP.CN,TGO,1999,269339.29520,,
NY.GNP.PCAP.CN,TGO,2000,287079.79930,,
NY.GNP.PCAP.CN,TGO,2001,286462.79530,,
NY.GNP.PCAP.CN,TGO,2002,306132.10200,,
NY.GNP.PCAP.CN,TGO,2003,309638.42770,,
NY.GNP.PCAP.CN,TGO,2004,292231.97180,,
NY.GNP.PCAP.CN,TGO,2005,287540.68610,,
NY.GNP.PCAP.CN,TGO,2006,285353.85620,,
NY.GNP.PCAP.CN,TGO,2007,288470.71210,,
NY.GNP.PCAP.CN,TGO,2008,319591.33590,,
NY.GNP.PCAP.CN,TGO,2009,337565.59920,,
NY.GNP.PCAP.CN,TGO,2010,347097.07640,,
NY.GNP.PCAP.CN,TGO,2011,385387.18150,,
NY.GNP.PCAP.CN,TGO,2012,389673.76570,,
NY.GNP.PCAP.CN,TGO,2013,409941.58670,,
NY.GNP.PCAP.CN,TGO,2014,425501.50950,,
NY.GNP.PCAP.CN,TGO,2015,454235.45810,,
NY.GNP.PCAP.CN,TGO,2016,461124.67990,,
NY.GNP.PCAP.CN,TGO,2017,460684.80880,,
NY.GNP.PCAP.CN,TGO,2018,474058.26870,,
NY.GNP.PCAP.CN,TGO,2019,485646.81270,,
NY.GNP.PCAP.CN,TGO,2020,494146.17770,,
NY.GNP.PCAP.CN,TGO,2021,522208.95280,,
NY.GNP.PCAP.CN,TGO,2022,561361.17450,,
NY.GNP.PCAP.CN,TGO,2023,599212.96510,,
NY.GNP.PCAP.CN,TGO,2024,633944.85130,,
NY.GNP.PCAP.PP.CD,TGO,1990,1090,,
NY.GNP.PCAP.PP.CD,TGO,1991,1090,,
NY.GNP.PCAP.PP.CD,TGO,1992,1050,,
NY.GNP.PCAP.PP.CD,TGO,1993,930,,
NY.GNP.PCAP.PP.CD,TGO,1994,1050,,
NY.GNP.PCAP.PP.CD,TGO,1995,1120,,
NY.GNP.PCAP.PP.CD,TGO,1996,1200,,
NY.GNP.PCAP.PP.CD,TGO,1997,1350,,
NY.GNP.PCAP.PP.CD,TGO,1998,1300,,
NY.GNP.PCAP.PP.CD,TGO,1999,1310,,
NY.GNP.PCAP.PP.CD,TGO,2000,1300,,
NY.GNP.PCAP.PP.CD,TGO,2001,1300,,
NY.GNP.PCAP.PP.CD,TGO,2002,1340,,
NY.GNP.PCAP.PP.CD,TGO,2003,1430,,
NY.GNP.PCAP.PP.CD,TGO,2004,1410,,
NY.GNP.PCAP.PP.CD,TGO,2005,1350,,
NY.GNP.PCAP.PP.CD,TGO,2006,1390,,
NY.GNP.PCAP.PP.CD,TGO,2007,1380,,
NY.GNP.PCAP.PP.CD,TGO,2008,1420,,
NY.GNP.PCAP.PP.CD,TGO,2009,1470,,
NY.GNP.PCAP.PP.CD,TGO,2010,1530,,
NY.GNP.PCAP.PP.CD,TGO,2011,1690,,
NY.GNP.PCAP.PP.CD,TGO,2012,1650,,
NY.GNP.PCAP.PP.CD,TGO,2013,1720,,
NY.GNP.PCAP.PP.CD,TGO,2014,1820,,
NY.GNP.PCAP.PP.CD,TGO,2015,1920,,
NY.GNP.PCAP.PP.CD,TGO,2016,1950,,
NY.GNP.PCAP.PP.CD,TGO,2017,1990,,
NY.GNP.PCAP.PP.CD,TGO,2018,2070,,
NY.GNP.PCAP.PP.CD,TGO,2019,2220,,
NY.GNP.PCAP.PP.CD,TGO,2020,2370,,
NY.GNP.PCAP.PP.CD,TGO,2021,2580,,
NY.GNP.PCAP.PP.CD,TGO,2022,2860,,
NY.GNP.PCAP.PP.CD,TGO,2023,3080,,
NY.GNP.PCAP.PP.CD,TGO,2024,3250,,
PA.NUS.ATLS,TGO,1970,276.40314,,
PA.NUS.ATLS,TGO,1971,275.35646,,
PA.NUS.ATLS,TGO,1972,252.02763,,
PA.NUS.ATLS,TGO,1973,222.88918,,
PA.NUS.ATLS,TGO,1974,240.70467,,
PA.NUS.ATLS,TGO,1975,214.31290,,
PA.NUS.ATLS,TGO,1976,238.95049,,
PA.NUS.ATLS,TGO,1977,245.67969,,
PA.NUS.ATLS,TGO,1978,225.65586,,
PA.NUS.ATLS,TGO,1979,212.72164,,
PA.NUS.ATLS,TGO,1980,211.27955,,
PA.NUS.ATLS,TGO,1981,271.73145,,
PA.NUS.ATLS,TGO,1982,328.60625,,
PA.NUS.ATLS,TGO,1983,381.06604,,
PA.NUS.ATLS,TGO,1984,436.95667,,
PA.NUS.ATLS,TGO,1985,449.26296,,
PA.NUS.ATLS,TGO,1986,346.30590,,
PA.NUS.ATLS,TGO,1987,300.53656,,
PA.NUS.ATLS,TGO,1988,297.84822,,
PA.NUS.ATLS,TGO,1989,319.00830,,
PA.NUS.ATLS,TGO,1990,272.26479,,
PA.NUS.ATLS,TGO,1991,282.10691,,
PA.NUS.ATLS,TGO,1992,264.69180,,
PA.NUS.ATLS,TGO,1993,283.16258,,
PA.NUS.ATLS,TGO,1994,555.20470,,
PA.NUS.ATLS,TGO,1995,499.14843,,
PA.NUS.ATLS,TGO,1996,511.55243,,
PA.NUS.ATLS,TGO,1997,583.66937,,
PA.NUS.ATLS,TGO,1998,589.95178,,
PA.NUS.ATLS,TGO,1999,615.47335,,
PA.NUS.ATLS,TGO,2000,710.20798,,
PA.NUS.ATLS,TGO,2001,732.39769,,
PA.NUS.ATLS,TGO,2002,693.71323,,
PA.NUS.ATLS,TGO,2003,579.89743,,
PA.NUS.ATLS,TGO,2004,527.33803,,
PA.NUS.ATLS,TGO,2005,527.25836,,
PA.NUS.ATLS,TGO,2006,522.42562,,
PA.NUS.ATLS,TGO,2007,478.63372,,
PA.NUS.ATLS,TGO,2008,446.00004,,
PA.NUS.ATLS,TGO,2009,470.29342,,
PA.NUS.ATLS,TGO,2010,494.79426,,
PA.NUS.ATLS,TGO,2011,471.24863,,
PA.NUS.ATLS,TGO,2012,510.55634,,
PA.NUS.ATLS,TGO,2013,493.89962,,
PA.NUS.ATLS,TGO,2014,493.75733,,
PA.NUS.ATLS,TGO,2015,591.21170,,
PA.NUS.ATLS,TGO,2016,592.60561,,
PA.NUS.ATLS,TGO,2017,580.65675,,
PA.NUS.ATLS,TGO,2018,555.44646,,
PA.NUS.ATLS,TGO,2019,585.91101,,
PA.NUS.ATLS,TGO,2020,575.58601,,
PA.NUS.ATLS,TGO,2021,554.53067,,
PA.NUS.ATLS,TGO,2022,623.75970,,
PA.NUS.ATLS,TGO,2023,606.56975,,
PA.NUS.ATLS,TGO,2024,606.34530,,
PA.NUS.FCRF,TGO,1970,276.40314,,
PA.NUS.FCRF,TGO,1971,275.35646,,
PA.NUS.FCRF,TGO,1972,252.02763,,
PA.NUS.FCRF,TGO,1973,222.88918,,
PA.NUS.FCRF,TGO,1974,240.70467,,
PA.NUS.FCRF,TGO,1975,214.31290,,
PA.NUS.FCRF,TGO,1976,238.95049,,
PA.NUS.FCRF,TGO,1977,245.67969,,
PA.NUS.FCRF,TGO,1978,225.65586,,
PA.NUS.FCRF,TGO,1979,212.72164,,
PA.NUS.FCRF,TGO,1980,211.27956,,
PA.NUS.FCRF,TGO,1981,271.73145,,
PA.NUS.FCRF,TGO,1982,328.60625,,
PA.NUS.FCRF,TGO,1983,381.06604,,
PA.NUS.FCRF,TGO,1984,436.95667,,
PA.NUS.FCRF,TGO,1985,449.26296,,
PA.NUS.FCRF,TGO,1986,346.30590,,
PA.NUS.FCRF,TGO,1987,300.53656,,
PA.NUS.FCRF,TGO,1988,297.84822,,
PA.NUS.FCRF,TGO,1989,319.00830,,
PA.NUS.FCRF,TGO,1990,272.26479,,
PA.NUS.FCRF,TGO,1991,282.10691,,
PA.NUS.FCRF,TGO,1992,264.69180,,
PA.NUS.FCRF,TGO,1993,283.16258,,
PA.NUS.FCRF,TGO,1994,555.20470,,
PA.NUS.FCRF,TGO,1995,499.14843,,
PA.NUS.FCRF,TGO,1996,511.55243,,
PA.NUS.FCRF,TGO,1997,583.66937,,
PA.NUS.FCRF,TGO,1998,589.95177,,
PA.NUS.FCRF,TGO,1999,615.47335,,
PA.NUS.FCRF,TGO,2000,710.20798,,
PA.NUS.FCRF,TGO,2001,732.39769,,
PA.NUS.FCRF,TGO,2002,693.71323,,
PA.NUS.FCRF,TGO,2003,579.89743,,
PA.NUS.FCRF,TGO,2004,527.33803,,
PA.NUS.FCRF,TGO,2005,527.25836,,
PA.NUS.FCRF,TGO,2006,522.42562,,
PA.NUS.FCRF,TGO,2007,478.63372,,
PA.NUS.FCRF,TGO,2008,446.00004,,
PA.NUS.FCRF,TGO,2009,470.29342,,
PA.NUS.FCRF,TGO,2010,494.79426,,
PA.NUS.FCRF,TGO,2011,471.24863,,
PA.NUS.FCRF,TGO,2012,510.55634,,
PA.NUS.FCRF,TGO,2013,493.89962,,
PA.NUS.FCRF,TGO,2014,493.75733,,
PA.NUS.FCRF,TGO,2015,591.21170,,
PA.NUS.FCRF,TGO,2016,592.60562,,
PA.NUS.FCRF,TGO,2017,580.65675,,
PA.NUS.FCRF,TGO,2018,555.44646,,
PA.NUS.FCRF,TGO,2019,585.91101,,
PA.NUS.FCRF,TGO,2020,575.58600,,
PA.NUS.FCRF,TGO,2021,554.53067,,
PA.NUS.FCRF,TGO,2022,623.75970,,
PA.NUS.FCRF,TGO,2023,606.56975,,
PA.NUS.FCRF,TGO,2024,606.34530,,
PA.NUS.PPP,TGO,1990,141.03978,,
PA.NUS.PPP,TGO,1991,140.07017,,
PA.NUS.PPP,TGO,1992,141.39390,,
PA.NUS.PPP,TGO,1993,126.79862,,
PA.NUS.PPP,TGO,1994,168.64535,,
PA.NUS.PPP,TGO,1995,183.49112,,
PA.NUS.PPP,TGO,1996,189.90085,,
PA.NUS.PPP,TGO,1997,190.48253,,
PA.NUS.PPP,TGO,1998,206.36695,,
PA.NUS.PPP,TGO,1999,205.75655,,
PA.NUS.PPP,TGO,2000,221.41841,,
PA.NUS.PPP,TGO,2001,220.08096,,
PA.NUS.PPP,TGO,2002,227.60928,,
PA.NUS.PPP,TGO,2003,216.74507,,
PA.NUS.PPP,TGO,2004,207.04227,,
PA.NUS.PPP,TGO,2005,212.54417,,
PA.NUS.PPP,TGO,2006,205.13674,,
PA.NUS.PPP,TGO,2007,209.63962,,
PA.NUS.PPP,TGO,2008,224.34035,,
PA.NUS.PPP,TGO,2009,229.91548,,
PA.NUS.PPP,TGO,2010,226.94288,,
PA.NUS.PPP,TGO,2011,228.62497,,
PA.NUS.PPP,TGO,2012,236.57742,,
PA.NUS.PPP,TGO,2013,237.98445,,
PA.NUS.PPP,TGO,2014,234.28540,,
PA.NUS.PPP,TGO,2015,236.22823,,
PA.NUS.PPP,TGO,2016,236.86164,,
PA.NUS.PPP,TGO,2017,231.84018,,
PA.NUS.PPP,TGO,2018,228.70668,,
PA.NUS.PPP,TGO,2019,218.59042,,
PA.NUS.PPP,TGO,2020,208.46754,,
PA.NUS.PPP,TGO,2021,202.17447,,
PA.NUS.PPP,TGO,2022,196.56257,,
PA.NUS.PPP,TGO,2023,194.65796,,
PA.NUS.PPP,TGO,2024,195.27192,,
PA.NUS.PPPC.RF,TGO,1990,0.51802,,
PA.NUS.PPPC.RF,TGO,1991,0.49651,,
PA.NUS.PPPC.RF,TGO,1992,0.53418,,
PA.NUS.PPPC.RF,TGO,1993,0.44779,,
PA.NUS.PPPC.RF,TGO,1994,0.30375,,
PA.NUS.PPPC.RF,TGO,1995,0.36761,,
PA.NUS.PPPC.RF,TGO,1996,0.37122,,
PA.NUS.PPPC.RF,TGO,1997,0.32635,,
PA.NUS.PPPC.RF,TGO,1998,0.34980,,
PA.NUS.PPPC.RF,TGO,1999,0.33431,,
PA.NUS.PPPC.RF,TGO,2000,0.31177,,
PA.NUS.PPPC.RF,TGO,2001,0.30049,,
PA.NUS.PPPC.RF,TGO,2002,0.32810,,
PA.NUS.PPPC.RF,TGO,2003,0.37376,,
PA.NUS.PPPC.RF,TGO,2004,0.39262,,
PA.NUS.PPPC.RF,TGO,2005,0.40311,,
PA.NUS.PPPC.RF,TGO,2006,0.39266,,
PA.NUS.PPPC.RF,TGO,2007,0.43800,,
PA.NUS.PPPC.RF,TGO,2008,0.50301,,
PA.NUS.PPPC.RF,TGO,2009,0.48888,,
PA.NUS.PPPC.RF,TGO,2010,0.45866,,
PA.NUS.PPPC.RF,TGO,2011,0.48515,,
PA.NUS.PPPC.RF,TGO,2012,0.46337,,
PA.NUS.PPPC.RF,TGO,2013,0.48185,,
PA.NUS.PPPC.RF,TGO,2014,0.47450,,
PA.NUS.PPPC.RF,TGO,2015,0.39957,,
PA.NUS.PPPC.RF,TGO,2016,0.39970,,
PA.NUS.PPPC.RF,TGO,2017,0.39927,,
PA.NUS.PPPC.RF,TGO,2018,0.41175,,
PA.NUS.PPPC.RF,TGO,2019,0.37308,,
PA.NUS.PPPC.RF,TGO,2020,0.36218,,
PA.NUS.PPPC.RF,TGO,2021,0.36459,,
PA.NUS.PPPC.RF,TGO,2022,0.31513,,
PA.NUS.PPPC.RF,TGO,2023,0.32092,,
PA.NUS.PPPC.RF,TGO,2024,0.32205,,
PA.NUS.PRVT.PP,TGO,1990,154.03368,,
PA.NUS.PRVT.PP,TGO,1991,148.34745,,
PA.NUS.PRVT.PP,TGO,1992,145.99323,,
PA.NUS.PRVT.PP,TGO,1993,140.37972,,
PA.NUS.PRVT.PP,TGO,1994,190.39194,,
PA.NUS.PRVT.PP,TGO,1995,215.63067,,
PA.NUS.PRVT.PP,TGO,1996,219.30993,,
PA.NUS.PRVT.PP,TGO,1997,231.98180,,
PA.NUS.PRVT.PP,TGO,1998,230.66386,,
PA.NUS.PRVT.PP,TGO,1999,225.60482,,
PA.NUS.PRVT.PP,TGO,2000,222.30019,,
PA.NUS.PRVT.PP,TGO,2001,224.66405,,
PA.NUS.PRVT.PP,TGO,2002,227.92343,,
PA.NUS.PRVT.PP,TGO,2003,220.79156,,
PA.NUS.PRVT.PP,TGO,2004,215.87983,,
PA.NUS.PRVT.PP,TGO,2005,222.95839,,
PA.NUS.PRVT.PP,TGO,2006,220.80504,,
PA.NUS.PRVT.PP,TGO,2007,216.71108,,
PA.NUS.PRVT.PP,TGO,2008,226.84493,,
PA.NUS.PRVT.PP,TGO,2009,236.10853,,
PA.NUS.PRVT.PP,TGO,2010,235.65764,,
PA.NUS.PRVT.PP,TGO,2011,236.58667,,
PA.NUS.PRVT.PP,TGO,2012,234.65649,,
PA.NUS.PRVT.PP,TGO,2013,241.21836,,
PA.NUS.PRVT.PP,TGO,2014,237.77001,,
PA.NUS.PRVT.PP,TGO,2015,243.41354,,
PA.NUS.PRVT.PP,TGO,2016,244.03399,,
PA.NUS.PRVT.PP,TGO,2017,241.47041,,
PA.NUS.PRVT.PP,TGO,2018,236.99142,,
PA.NUS.PRVT.PP,TGO,2019,230.78506,,
PA.NUS.PRVT.PP,TGO,2020,225.12430,,
PA.NUS.PRVT.PP,TGO,2021,220.66768,,
PA.NUS.PRVT.PP,TGO,2022,220.59571,,
PA.NUS.PRVT.PP,TGO,2023,223.50463,,
PA.NUS.PRVT.PP,TGO,2024,223.31596,,
SH.DYN.AIDS.ZS,TGO,1990,0.90000,,
SH.DYN.AIDS.ZS,TGO,1991,1.10000,,
SH.DYN.AIDS.ZS,TGO,1992,1.50000,,
SH.DYN.AIDS.ZS,TGO,1993,1.80000,,
SH.DYN.AIDS.ZS,TGO,1994,2.20000,,
SH.DYN.AIDS.ZS,TGO,1995,2.60000,,
SH.DYN.AIDS.ZS,TGO,1996,3,,
SH.DYN.AIDS.ZS,TGO,1997,3.30000,,
SH.DYN.AIDS.ZS,TGO,1998,3.50000,,
SH.DYN.AIDS.ZS,TGO,1999,3.70000,,
SH.DYN.AIDS.ZS,TGO,2000,3.70000,,
SH.DYN.AIDS.ZS,TGO,2001,3.70000,,
SH.DYN.AIDS.ZS,TGO,2002,3.60000,,
SH.DYN.AIDS.ZS,TGO,2003,3.50000,,
SH.DYN.AIDS.ZS,TGO,2004,3.40000,,
SH.DYN.AIDS.ZS,TGO,2005,3.30000,,
SH.DYN.AIDS.ZS,TGO,2006,3.20000,,
SH.DYN.AIDS.ZS,TGO,2007,3,,
SH.DYN.AIDS.ZS,TGO,2008,2.90000,,
SH.DYN.AIDS.ZS,TGO,2009,2.80000,,
SH.DYN.AIDS.ZS,TGO,2010,2.70000,,
SH.DYN.AIDS.ZS,TGO,2011,2.70000,,
SH.DYN.AIDS.ZS,TGO,2012,2.60000,,
SH.DYN.AIDS.ZS,TGO,2013,2.50000,,
SH.DYN.AIDS.ZS,TGO,2014,2.40000,,
SH.DYN.AIDS.ZS,TGO,2015,2.30000,,
SH.DYN.AIDS.ZS,TGO,2016,2.20000,,
SH.DYN.AIDS.ZS,TGO,2017,2.20000,,
SH.DYN.AIDS.ZS,TGO,2018,2.10000,,
SH.DYN.AIDS.ZS,TGO,2019,2,,
SH.DYN.AIDS.ZS,TGO,2020,1.90000,,
SH.DYN.AIDS.ZS,TGO,2021,1.90000,,
SH.DYN.AIDS.ZS,TGO,2022,1.80000,,
SH.DYN.AIDS.ZS,TGO,2023,1.70000,,
SH.DYN.AIDS.ZS,TGO,2024,1.60000,,
SI.POV.LMIC,TGO,2006,79.80000,,
SI.POV.LMIC,TGO,2011,77.50000,,
SI.POV.LMIC,TGO,2015,76,,
SI.POV.LMIC,TGO,2018,54.30000,,
SI.POV.LMIC,TGO,2021,55.30000,,
SP.DYN.IMRT.IN,TGO,1970,120.40000,,
SP.DYN.IMRT.IN,TGO,1971,118.50000,,
SP.DYN.IMRT.IN,TGO,1972,116.50000,,
SP.DYN.IMRT.IN,TGO,1973,114.50000,,
SP.DYN.IMRT.IN,TGO,1974,112.40000,,
SP.DYN.IMRT.IN,TGO,1975,110.30000,,
SP.DYN.IMRT.IN,TGO,1976,108.10000,,
SP.DYN.IMRT.IN,TGO,1977,106,,
SP.DYN.IMRT.IN,TGO,1978,103.80000,,
SP.DYN.IMRT.IN,TGO,1979,101.70000,,
SP.DYN.IMRT.IN,TGO,1980,99.70000,,
SP.DYN.IMRT.IN,TGO,1981,97.70000,,
SP.DYN.IMRT.IN,TGO,1982,95.80000,,
SP.DYN.IMRT.IN,TGO,1983,94,,
SP.DYN.IMRT.IN,TGO,1984,92.30000,,
SP.DYN.IMRT.IN,TGO,1985,90.70000,,
SP.DYN.IMRT.IN,TGO,1986,89.30000,,
SP.DYN.IMRT.IN,TGO,1987,88.20000,,
SP.DYN.IMRT.IN,TGO,1988,87,,
SP.DYN.IMRT.IN,TGO,1989,86.10000,,
SP.DYN.IMRT.IN,TGO,1990,85.20000,,
SP.DYN.IMRT.IN,TGO,1991,84.30000,,
SP.DYN.IMRT.IN,TGO,1992,83.50000,,
SP.DYN.IMRT.IN,TGO,1993,82.50000,,
SP.DYN.IMRT.IN,TGO,1994,81.40000,,
SP.DYN.IMRT.IN,TGO,1995,80.10000,,
SP.DYN.IMRT.IN,TGO,1996,78.50000,,
SP.DYN.IMRT.IN,TGO,1997,76.70000,,
SP.DYN.IMRT.IN,TGO,1998,74.90000,,
SP.DYN.IMRT.IN,TGO,1999,72.80000,,
SP.DYN.IMRT.IN,TGO,2000,70.80000,,
SP.DYN.IMRT.IN,TGO,2001,68.70000,,
SP.DYN.IMRT.IN,TGO,2002,66.70000,,
SP.DYN.IMRT.IN,TGO,2003,64.70000,,
SP.DYN.IMRT.IN,TGO,2004,62.80000,,
SP.DYN.IMRT.IN,TGO,2005,61,,
SP.DYN.IMRT.IN,TGO,2006,59.30000,,
SP.DYN.IMRT.IN,TGO,2007,57.70000,,
SP.DYN.IMRT.IN,TGO,2008,56.10000,,
SP.DYN.IMRT.IN,TGO,2009,54.60000,,
SP.DYN.IMRT.IN,TGO,2010,53,,
SP.DYN.IMRT.IN,TGO,2011,51.40000,,
SP.DYN.IMRT.IN,TGO,2012,49.80000,,
SP.DYN.IMRT.IN,TGO,2013,48.30000,,
SP.DYN.IMRT.IN,TGO,2014,46.80000,,
SP.DYN.IMRT.IN,TGO,2015,45.40000,,
SP.DYN.IMRT.IN,TGO,2016,44,,
SP.DYN.IMRT.IN,TGO,2017,42.70000,,
SP.DYN.IMRT.IN,TGO,2018,41.40000,,
SP.DYN.IMRT.IN,TGO,2019,40.20000,,
SP.DYN.IMRT.IN,TGO,2020,39.10000,,
SP.DYN.IMRT.IN,TGO,2021,38,,
SP.DYN.IMRT.IN,TGO,2022,36.90000,,
SP.DYN.IMRT.IN,TGO,2023,35.90000,,
SP.DYN.LE00.IN,TGO,1970,46.78200,,
SP.DYN.LE00.IN,TGO,1971,47.23200,,
SP.DYN.LE00.IN,TGO,1972,47.69200,,
SP.DYN.LE00.IN,TGO,1973,48.13900,,
SP.DYN.LE00.IN,TGO,1974,48.59300,,
SP.DYN.LE00.IN,TGO,1975,49.04600,,
SP.DYN.LE00.IN,TGO,1976,49.50900,,
SP.DYN.LE00.IN,TGO,1977,50.16300,,
SP.DYN.LE00.IN,TGO,1978,50.90200,,
SP.DYN.LE00.IN,TGO,1979,51.51500,,
SP.DYN.LE00.IN,TGO,1980,52.14600,,
SP.DYN.LE00.IN,TGO,1981,52.78100,,
SP.DYN.LE00.IN,TGO,1982,53.27300,,
SP.DYN.LE00.IN,TGO,1983,53.76900,,
SP.DYN.LE00.IN,TGO,1984,54.09400,,
SP.DYN.LE00.IN,TGO,1985,54.36100,,
SP.DYN.LE00.IN,TGO,1986,54.61400,,
SP.DYN.LE00.IN,TGO,1987,54.82100,,
SP.DYN.LE00.IN,TGO,1988,54.90100,,
SP.DYN.LE00.IN,TGO,1989,54.73200,,
SP.DYN.LE00.IN,TGO,1990,54.55700,,
SP.DYN.LE00.IN,TGO,1991,54.25500,,
SP.DYN.LE00.IN,TGO,1992,54.07700,,
SP.DYN.LE00.IN,TGO,1993,53.85200,,
SP.DYN.LE00.IN,TGO,1994,53.70700,,
SP.DYN.LE00.IN,TGO,1995,53.69200,,
SP.DYN.LE00.IN,TGO,1996,53.81700,,
SP.DYN.LE00.IN,TGO,1997,53.84500,,
SP.DYN.LE00.IN,TGO,1998,53.95600,,
SP.DYN.LE00.IN,TGO,1999,54.31000,,
SP.DYN.LE00.IN,TGO,2000,54.57700,,
SP.DYN.LE00.IN,TGO,2001,54.74600,,
SP.DYN.LE00.IN,TGO,2002,55.03200,,
SP.DYN.LE00.IN,TGO,2003,55.29900,,
SP.DYN.LE00.IN,TGO,2004,55.59400,,
SP.DYN.LE00.IN,TGO,2005,55.91600,,
SP.DYN.LE00.IN,TGO,2006,56.14200,,
SP.DYN.LE00.IN,TGO,2007,56.38200,,
SP.DYN.LE00.IN,TGO,2008,56.65100,,
SP.DYN.LE00.IN,TGO,2009,56.92700,,
SP.DYN.LE00.IN,TGO,2010,57.22700,,
SP.DYN.LE00.IN,TGO,2011,57.61200,,
SP.DYN.LE00.IN,TGO,2012,57.94000,,
SP.DYN.LE00.IN,TGO,2013,58.34500,,
SP.DYN.LE00.IN,TGO,2014,58.76600,,
SP.DYN.LE00.IN,TGO,2015,59.22000,,
SP.DYN.LE00.IN,TGO,2016,59.66900,,
SP.DYN.LE00.IN,TGO,2017,60.13500,,
SP.DYN.LE00.IN,TGO,2018,60.60100,,
SP.DYN.LE00.IN,TGO,2019,61.05500,,
SP.DYN.LE00.IN,TGO,2020,61.12300,,
SP.DYN.LE00.IN,TGO,2021,61.32800,,
SP.DYN.LE00.IN,TGO,2022,62.29000,,
SP.DYN.LE00.IN,TGO,2023,62.73900,,
SP.DYN.TFRT.IN,TGO,1970,7.03500,,
SP.DYN.TFRT.IN,TGO,1971,7.06400,,
SP.DYN.TFRT.IN,TGO,1972,7.06900,,
SP.DYN.TFRT.IN,TGO,1973,7.08100,,
SP.DYN.TFRT.IN,TGO,1974,7.09000,,
SP.DYN.TFRT.IN,TGO,1975,7.08800,,
SP.DYN.TFRT.IN,TGO,1976,7.06300,,
SP.DYN.TFRT.IN,TGO,1977,7.02500,,
SP.DYN.TFRT.IN,TGO,1978,6.98300,,
SP.DYN.TFRT.IN,TGO,1979,6.93500,,
SP.DYN.TFRT.IN,TGO,1980,6.87600,,
SP.DYN.TFRT.IN,TGO,1981,6.80900,,
SP.DYN.TFRT.IN,TGO,1982,6.72500,,
SP.DYN.TFRT.IN,TGO,1983,6.63300,,
SP.DYN.TFRT.IN,TGO,1984,6.54200,,
SP.DYN.TFRT.IN,TGO,1985,6.45700,,
SP.DYN.TFRT.IN,TGO,1986,6.38200,,
SP.DYN.TFRT.IN,TGO,1987,6.30400,,
SP.DYN.TFRT.IN,TGO,1988,6.22800,,
SP.DYN.TFRT.IN,TGO,1989,6.14900,,
SP.DYN.TFRT.IN,TGO,1990,6.06700,,
SP.DYN.TFRT.IN,TGO,1991,5.98700,,
SP.DYN.TFRT.IN,TGO,1992,5.88600,,
SP.DYN.TFRT.IN,TGO,1993,5.78200,,
SP.DYN.TFRT.IN,TGO,1994,5.67200,,
SP.DYN.TFRT.IN,TGO,1995,5.56500,,
SP.DYN.TFRT.IN,TGO,1996,5.45900,,
SP.DYN.TFRT.IN,TGO,1997,5.36300,,
SP.DYN.TFRT.IN,TGO,1998,5.28800,,
SP.DYN.TFRT.IN,TGO,1999,5.22600,,
SP.DYN.TFRT.IN,TGO,2000,5.16500,,
SP.DYN.TFRT.IN,TGO,2001,5.12800,,
SP.DYN.TFRT.IN,TGO,2002,5.09200,,
SP.DYN.TFRT.IN,TGO,2003,5.04800,,
SP.DYN.TFRT.IN,TGO,2004,4.99500,,
SP.DYN.TFRT.IN,TGO,2005,5.03800,,
SP.DYN.TFRT.IN,TGO,2006,5.07600,,
SP.DYN.TFRT.IN,TGO,2007,5.10200,,
SP.DYN.TFRT.IN,TGO,2008,5.10000,,
SP.DYN.TFRT.IN,TGO,2009,5.10400,,
SP.DYN.TFRT.IN,TGO,2010,5.08700,,
SP.DYN.TFRT.IN,TGO,2011,4.98400,,
SP.DYN.TFRT.IN,TGO,2012,4.85400,,
SP.DYN.TFRT.IN,TGO,2013,4.75400,,
SP.DYN.TFRT.IN,TGO,2014,4.70200,,
SP.DYN.TFRT.IN,TGO,2015,4.66200,,
SP.DYN.TFRT.IN,TGO,2016,4.63400,,
SP.DYN.TFRT.IN,TGO,2017,4.57600,,
SP.DYN.TFRT.IN,TGO,2018,4.51300,,
SP.DYN.TFRT.IN,TGO,2019,4.45000,,
SP.DYN.TFRT.IN,TGO,2020,4.38600,,
SP.DYN.TFRT.IN,TGO,2021,4.32400,,
SP.DYN.TFRT.IN,TGO,2022,4.25300,,
SP.DYN.TFRT.IN,TGO,2023,4.19200,,
SP.POP.GROW,TGO,1970,3.62700,,
SP.POP.GROW,TGO,1971,3.20900,,
SP.POP.GROW,TGO,1972,2.85022,,
SP.POP.GROW,TGO,1973,2.63807,,
SP.POP.GROW,TGO,1974,2.54064,,
SP.POP.GROW,TGO,1975,2.47190,,
SP.POP.GROW,TGO,1976,2.42410,,
SP.POP.GROW,TGO,1977,2.40093,,
SP.POP.GROW,TGO,1978,2.42255,,
SP.POP.GROW,TGO,1979,2.55741,,
SP.POP.GROW,TGO,1980,2.81371,,
SP.POP.GROW,TGO,1981,3.10608,,
SP.POP.GROW,TGO,1982,3.32921,,
SP.POP.GROW,TGO,1983,3.40386,,
SP.POP.GROW,TGO,1984,3.35426,,
SP.POP.GROW,TGO,1985,3.19647,,
SP.POP.GROW,TGO,1986,3.05820,,
SP.POP.GROW,TGO,1987,3.04115,,
SP.POP.GROW,TGO,1988,3.02245,,
SP.POP.GROW,TGO,1989,2.97073,,
SP.POP.GROW,TGO,1990,2.92707,,
SP.POP.GROW,TGO,1991,2.87903,,
SP.POP.GROW,TGO,1992,2.82818,,
SP.POP.GROW,TGO,1993,-0.61992,,
SP.POP.GROW,TGO,1994,0.36741,,
SP.POP.GROW,TGO,1995,4.35318,,
SP.POP.GROW,TGO,1996,3.71683,,
SP.POP.GROW,TGO,1997,3.16423,,
SP.POP.GROW,TGO,1998,2.83524,,
SP.POP.GROW,TGO,1999,2.82654,,
SP.POP.GROW,TGO,2000,2.75686,,
SP.POP.GROW,TGO,2001,2.63699,,
SP.POP.GROW,TGO,2002,2.54239,,
SP.POP.GROW,TGO,2003,2.53342,,
SP.POP.GROW,TGO,2004,2.56651,,
SP.POP.GROW,TGO,2005,2.56701,,
SP.POP.GROW,TGO,2006,2.80124,,
SP.POP.GROW,TGO,2007,2.91316,,
SP.POP.GROW,TGO,2008,2.87454,,
SP.POP.GROW,TGO,2009,2.83368,,
SP.POP.GROW,TGO,2010,2.72102,,
SP.POP.GROW,TGO,2011,2.69462,,
SP.POP.GROW,TGO,2012,2.62923,,
SP.POP.GROW,TGO,2013,2.56797,,
SP.POP.GROW,TGO,2014,2.53448,,
SP.POP.GROW,TGO,2015,2.52061,,
SP.POP.GROW,TGO,2016,2.51399,,
SP.POP.GROW,TGO,2017,2.49898,,
SP.POP.GROW,TGO,2018,2.47180,,
SP.POP.GROW,TGO,2019,2.44351,,
SP.POP.GROW,TGO,2020,2.41247,,
SP.POP.GROW,TGO,2021,2.37825,,
SP.POP.GROW,TGO,2022,2.35271,,
SP.POP.GROW,TGO,2023,2.33346,,
SP.POP.GROW,TGO,2024,2.24137,,
SP.RUR.TOTL.ZS,TGO,1970,78.72000,,
SP.RUR.TOTL.ZS,TGO,1971,78.39800,,
SP.RUR.TOTL.ZS,TGO,1972,78.07100,,
SP.RUR.TOTL.ZS,TGO,1973,77.74200,,
SP.RUR.TOTL.ZS,TGO,1974,77.40900,,
SP.RUR.TOTL.ZS,TGO,1975,77.07300,,
SP.RUR.TOTL.ZS,TGO,1976,76.73200,,
SP.RUR.TOTL.ZS,TGO,1977,76.38900,,
SP.RUR.TOTL.ZS,TGO,1978,76.04200,,
SP.RUR.TOTL.ZS,TGO,1979,75.69200,,
SP.RUR.TOTL.ZS,TGO,1980,75.33700,,
SP.RUR.TOTL.ZS,TGO,1981,74.98000,,
SP.RUR.TOTL.ZS,TGO,1982,74.60900,,
SP.RUR.TOTL.ZS,TGO,1983,74.22200,,
SP.RUR.TOTL.ZS,TGO,1984,73.83100,,
SP.RUR.TOTL.ZS,TGO,1985,73.43800,,
SP.RUR.TOTL.ZS,TGO,1986,73.04000,,
SP.RUR.TOTL.ZS,TGO,1987,72.63800,,
SP.RUR.TOTL.ZS,TGO,1988,72.23200,,
SP.RUR.TOTL.ZS,TGO,1989,71.82400,,
SP.RUR.TOTL.ZS,TGO,1990,71.41100,,
SP.RUR.TOTL.ZS,TGO,1991,70.99500,,
SP.RUR.TOTL.ZS,TGO,1992,70.57500,,
SP.RUR.TOTL.ZS,TGO,1993,70.15200,,
SP.RUR.TOTL.ZS,TGO,1994,69.72500,,
SP.RUR.TOTL.ZS,TGO,1995,69.29500,,
SP.RUR.TOTL.ZS,TGO,1996,68.86100,,
SP.RUR.TOTL.ZS,TGO,1997,68.42400,,
SP.RUR.TOTL.ZS,TGO,1998,67.98400,,
SP.RUR.TOTL.ZS,TGO,1999,67.54000,,
SP.RUR.TOTL.ZS,TGO,2000,67.09300,,
SP.RUR.TOTL.ZS,TGO,2001,66.64400,,
SP.RUR.TOTL.ZS,TGO,2002,66.19100,,
SP.RUR.TOTL.ZS,TGO,2003,65.73500,,
SP.RUR.TOTL.ZS,TGO,2004,65.27600,,
SP.RUR.TOTL.ZS,TGO,2005,64.81500,,
SP.RUR.TOTL.ZS,TGO,2006,64.35100,,
SP.RUR.TOTL.ZS,TGO,2007,63.88400,,
SP.RUR.TOTL.ZS,TGO,2008,63.41300,,
SP.RUR.TOTL.ZS,TGO,2009,62.94200,,
SP.RUR.TOTL.ZS,TGO,2010,62.46700,,
SP.RUR.TOTL.ZS,TGO,2011,61.96800,,
SP.RUR.TOTL.ZS,TGO,2012,61.45400,,
SP.RUR.TOTL.ZS,TGO,2013,60.93900,,
SP.RUR.TOTL.ZS,TGO,2014,60.42100,,
SP.RUR.TOTL.ZS,TGO,2015,59.90000,,
SP.RUR.TOTL.ZS,TGO,2016,59.37200,,
SP.RUR.TOTL.ZS,TGO,2017,58.83800,,
SP.RUR.TOTL.ZS,TGO,2018,58.29800,,
SP.RUR.TOTL.ZS,TGO,2019,57.75200,,
SP.RUR.TOTL.ZS,TGO,2020,57.20000,,
SP.RUR.TOTL.ZS,TGO,2021,56.64200,,
SP.RUR.TOTL.ZS,TGO,2022,56.07900,,
SP.RUR.TOTL.ZS,TGO,2023,55.51000,,
SP.RUR.TOTL.ZS,TGO,2024,54.93600,,
XTGOV.IMF,TGO,1980,0,,
XTGOV.IMF,TGO,1981,0,,
XTGOV.IMF,TGO,1982,0,,
XTGOV.IMF,TGO,1983,0,,
XTGOV.IMF,TGO,1984,0,,
XTGOV.IMF,TGO,1985,0,,
XTGOV.IMF,TGO,1986,0,,
XTGOV.IMF,TGO,1987,0,,
XTGOV.IMF,TGO,1988,0,,
XTGOV.IMF,TGO,1989,124053000000,,
XTGOV.IMF,TGO,1990,127156000000,,
XTGOV.IMF,TGO,1991,112780000000,,
XTGOV.IMF,TGO,1992,96182000000,,
XTGOV.IMF,TGO,1993,91650000000,,
XTGOV.IMF,TGO,1994,124275000000,,
XTGOV.IMF,TGO,1995,142011000000,,
XTGOV.IMF,TGO,1996,155097000000,,
XTGOV.IMF,TGO,1997,154254000000,,
XTGOV.IMF,TGO,1998,177820000000,,
XTGOV.IMF,TGO,1999,173443000000,,
XTGOV.IMF,TGO,2000,170097000000,,
XTGOV.IMF,TGO,2001,158950000000,,
XTGOV.IMF,TGO,2002,134495000000,,
XTGOV.IMF,TGO,2003,147029000000,,
XTGOV.IMF,TGO,2004,169761000000,,
XTGOV.IMF,TGO,2005,215012000000,,
XTGOV.IMF,TGO,2006,244119000000,,
XTGOV.IMF,TGO,2007,246440000000,,
XTGOV.IMF,TGO,2008,253044000000,,
XTGOV.IMF,TGO,2009,317314000000,,
XTGOV.IMF,TGO,2010,354358000000,,
XTGOV.IMF,TGO,2011,465221000000,,
XTGOV.IMF,TGO,2012,527839000000,,
XTGOV.IMF,TGO,2013,609260000000,,
XTGOV.IMF,TGO,2014,691371000000,,
XTGOV.IMF,TGO,2015,778905000000,,
XTGOV.IMF,TGO,2016,824005000000,,
XTGOV.IMF,TGO,2017,603500000000,,
XTGOV.IMF,TGO,2018,733855000000,,
XTGOV.IMF,TGO,2019,678661000000,,
XTGOV.IMF,TGO,2020,1007701000000,,
XTGOV.IMF,TGO,2021,1006877000000,,
XTGOV.IMF,TGO,2022,1316978000000,,
XTGOV.IMF,TGO,2023,1463560000000,,
XTGOV.IMF,TGO,2024,1565562000000,,
XTGOV.IMF,TGO,2025,1678212000000,,
