source,indicateur,annee,valeur
UNESCO UIS (OPRI),"enrolment in tertiary education, all programmes, both sexes (number)",1971,886.0
UNESCO UIS (OPRI),"enrolment in tertiary education, all programmes, both sexes (number)",1972,1412.0
UNESCO UIS (OPRI),"enrolment in tertiary education, all programmes, both sexes (number)",1973,1469.0
UNESCO UIS (OPRI),"enrolment in tertiary education, all programmes, both sexes (number)",1974,1471.0
UNESCO UIS (OPRI),"enrolment in tertiary education, all programmes, both sexes (number)",1975,1619.0
UNESCO UIS (OPRI),"enrolment in tertiary education, all programmes, both sexes (number)",1976,2353.0
UNESCO UIS (OPRI),"enrolment in tertiary education, all programmes, both sexes (number)",1977,2777.0
UNESCO UIS (OPRI),"enrolment in tertiary education, all programmes, both sexes (number)",1978,3151.0
UNESCO UIS (OPRI),"enrolment in tertiary education, all programmes, both sexes (number)",1979,3163.0
UNESCO UIS (OPRI),"enrolment in tertiary education, all programmes, both sexes (number)",1980,3638.0
UNESCO UIS (OPRI),"enrolment in tertiary education, all programmes, both sexes (number)",1981,4750.0
UNESCO UIS (OPRI),"enrolment in tertiary education, all programmes, both sexes (number)",1982,4307.0
UNESCO UIS (OPRI),"enrolment in tertiary education, all programmes, both sexes (number)",1983,4034.0
UNESCO UIS (OPRI),"enrolment in tertiary education, all programmes, both sexes (number)",1984,4234.0
UNESCO UIS (OPRI),"enrolment in tertiary education, all programmes, both sexes (number)",1987,6223.0
UNESCO UIS (OPRI),"enrolment in tertiary education, all programmes, both sexes (number)",1988,7088.0
UNESCO UIS (OPRI),"enrolment in tertiary education, all programmes, both sexes (number)",1989,7456.0
UNESCO UIS (OPRI),"enrolment in tertiary education, all programmes, both sexes (number)",1990,7826.0
UNESCO UIS (OPRI),"enrolment in tertiary education, all programmes, both sexes (number)",1991,8969.0
UNESCO UIS (OPRI),"enrolment in tertiary education, all programmes, both sexes (number)",1992,10224.0
UNESCO UIS (OPRI),"enrolment in tertiary education, all programmes, both sexes (number)",1993,8925.0
UNESCO UIS (OPRI),"enrolment in tertiary education, all programmes, both sexes (number)",1994,9320.0
UNESCO UIS (OPRI),"enrolment in tertiary education, all programmes, both sexes (number)",1995,11173.0
UNESCO UIS (OPRI),"enrolment in tertiary education, all programmes, both sexes (number)",1996,11639.0
UNESCO UIS (OPRI),"enrolment in tertiary education, all programmes, both sexes (number)",1998,14322.0
UNESCO UIS (OPRI),"enrolment in tertiary education, all programmes, both sexes (number)",2006,28076.0
UNESCO UIS (OPRI),"enrolment in tertiary education, all programmes, both sexes (number)",2007,32502.0
UNESCO UIS (OPRI),"enrolment in tertiary education, all programmes, both sexes (number)",2010,55959.0
UNESCO UIS (OPRI),"enrolment in tertiary education, all programmes, both sexes (number)",2011,62034.0
UNESCO UIS (OPRI),"enrolment in tertiary education, all programmes, both sexes (number)",2012,70100.0
UNESCO UIS (OPRI),"enrolment in tertiary education, all programmes, both sexes (number)",2013,72383.0
UNESCO UIS (OPRI),"enrolment in tertiary education, all programmes, both sexes (number)",2014,71776.0
UNESCO UIS (OPRI),"enrolment in tertiary education, all programmes, both sexes (number)",2015,75045.0
UNESCO UIS (OPRI),"enrolment in tertiary education, all programmes, both sexes (number)",2016,85463.0
UNESCO UIS (OPRI),"enrolment in tertiary education, all programmes, both sexes (number)",2017,88605.0
UNESCO UIS (OPRI),"enrolment in tertiary education, all programmes, both sexes (number)",2018,94819.0
UNESCO UIS (OPRI),"enrolment in tertiary education, all programmes, both sexes (number)",2019,98910.0
UNESCO UIS (OPRI),"enrolment in tertiary education, all programmes, both sexes (number)",2020,114956.0
UNESCO UIS (OPRI),"enrolment in tertiary education, all programmes, female (number)",1998,178.0
UNESCO UIS (OPRI),"enrolment in tertiary education, all programmes, female (number)",2011,1544.0
UNESCO UIS (OPRI),"enrolment in tertiary education, all programmes, female (number)",2012,1973.0
UNESCO UIS (OPRI),"enrolment in tertiary education, all programmes, female (number)",2013,3646.0
UNESCO UIS (OPRI),"enrolment in tertiary education, all programmes, female (number)",2014,4270.0
UNESCO UIS (OPRI),"enrolment in tertiary education, all programmes, female (number)",2015,3658.0
UNESCO UIS (OPRI),"enrolment in tertiary education, all programmes, female (number)",2016,3481.0
UNESCO UIS (OPRI),"enrolment in tertiary education, all programmes, female (number)",2017,2992.0
UNESCO UIS (OPRI),"enrolment in tertiary education, all programmes, female (number)",2018,2962.0
UNESCO UIS (OPRI),"enrolment in tertiary education, all programmes, female (number)",2019,1541.0
UNESCO UIS (OPRI),"enrolment in tertiary education, all programmes, female (number)",2020,1543.0
Banque mondiale WDI,"gross enrollment ratio, tertiary (% of gross)",2019,101387.0
Banque mondiale WDI,"gross enrollment ratio, tertiary (% of gross)",2018,101922.0
Banque mondiale WDI,"gross enrollment ratio, tertiary (% of gross)",2017,89092.0
Banque mondiale WDI,"gross enrollment ratio, tertiary (% of gross)",2016,83021.0
Banque mondiale WDI,"gross enrollment ratio, tertiary (% of gross)",2015,71154.0
Banque mondiale WDI,"gross enrollment ratio, tertiary (% of gross)",2014,66525.0
Banque mondiale WDI,"gross enrollment ratio, tertiary (% of gross)",2013,69027.0
Banque mondiale WDI,"gross enrollment ratio, tertiary (% of gross)",2012,65617.0
Banque mondiale WDI,"gross enrollment ratio, tertiary (% of gross)",2011,63496.0
Banque mondiale WDI,"gross enrollment ratio, tertiary (% of gross)",2010,55959.0
Banque mondiale WDI,"gross enrollment ratio, tertiary (% of gross)",2007,32502.0
Banque mondiale WDI,"gross enrollment ratio, tertiary (% of gross)",2006,28076.0
Banque mondiale WDI,"gross enrollment ratio, tertiary (% of gross)",1998,14322.0
Banque mondiale WDI,"gross enrollment ratio, tertiary (% of gross)",1996,11639.0
Banque mondiale WDI,"gross enrollment ratio, tertiary (% of gross)",1995,11173.0
Banque mondiale WDI,"gross enrollment ratio, tertiary (% of gross)",1994,9320.0
Banque mondiale WDI,"gross enrollment ratio, tertiary (% of gross)",1993,8925.0
Banque mondiale WDI,"gross enrollment ratio, tertiary (% of gross)",1992,10224.0
Banque mondiale WDI,"gross enrollment ratio, tertiary (% of gross)",1991,8969.0
Banque mondiale WDI,"gross enrollment ratio, tertiary (% of gross)",1990,7826.0
Banque mondiale WDI,"gross enrollment ratio, tertiary (% of gross)",1989,7456.0
Banque mondiale WDI,"gross enrollment ratio, tertiary (% of gross)",1988,7088.0
Banque mondiale WDI,"gross enrollment ratio, tertiary (% of gross)",1987,6223.0
Banque mondiale WDI,"gross enrollment ratio, tertiary (% of gross)",1984,4234.0
Banque mondiale WDI,"gross enrollment ratio, tertiary (% of gross)",1983,4034.0
Banque mondiale WDI,"gross enrollment ratio, tertiary (% of gross)",1982,4307.0
Banque mondiale WDI,"gross enrollment ratio, tertiary (% of gross)",1981,4750.0
Banque mondiale WDI,"gross enrollment ratio, tertiary (% of gross)",1980,3638.0
Banque mondiale WDI,"gross enrollment ratio, tertiary (% of gross)",1979,3163.0
Banque mondiale WDI,"gross enrollment ratio, tertiary (% of gross)",1978,3151.0
Banque mondiale WDI,"gross enrollment ratio, tertiary (% of gross)",1977,2777.0
Banque mondiale WDI,"gross enrollment ratio, tertiary (% of gross)",1976,2353.0
Banque mondiale WDI,"gross enrollment ratio, tertiary (% of gross)",1975,1619.0
Banque mondiale WDI,"gross enrollment ratio, tertiary (% of gross)",1974,1471.0
Banque mondiale WDI,"gross enrollment ratio, tertiary (% of gross)",1973,1469.0
Banque mondiale WDI,"gross enrollment ratio, tertiary (% of gross)",1972,1412.0
Banque mondiale WDI,"gross enrollment ratio, tertiary (% of gross)",1971,886.0
