examen,serie,region,sexe,annees_couvertes,taux_min_pct,taux_max_pct,taux_moyen_pct,taux_2022_pct
BAC I,A,Centrale,Féminin,2014-2022 (9 obs),43.5,88.1,68.4,88.1
BAC I,A,Centrale,Masculin,2014-2022 (9 obs),49.4,89.6,71.2,89.6
BAC I,A,Centrale,Total,2014-2022 (8 obs),47.5,85.7,67.9,85.7
BAC I,A,Kara,Féminin,2014-2022 (9 obs),43.6,81.8,64.0,81.8
BAC I,A,Kara,Masculin,2014-2022 (9 obs),50.7,82.2,69.2,82.2
BAC I,A,Kara,Total,2014-2022 (8 obs),48.2,78.2,65.5,78.2
BAC I,A,Lomé-Golfe,Féminin,2014-2022 (9 obs),61.8,88.1,75.2,88.1
BAC I,A,Lomé-Golfe,Masculin,2014-2022 (9 obs),59.7,88.7,75.2,88.7
BAC I,A,Lomé-Golfe,Total,2014-2022 (8 obs),60.7,86.7,73.6,86.7
BAC I,A,Maritime,Féminin,2014-2022 (9 obs),49.9,84.9,66.1,84.9
BAC I,A,Maritime,Masculin,2014-2022 (9 obs),54.2,85.5,70.2,85.5
BAC I,A,Maritime,Total,2014-2022 (8 obs),53.0,85.3,67.3,85.3
BAC I,A,Plateaux,Féminin,2014-2022 (9 obs),32.0,84.3,64.3,84.3
BAC I,A,Plateaux,Masculin,2014-2022 (9 obs),50.2,86.4,71.4,86.4
BAC I,A,Plateaux,Total,2014-2022 (8 obs),49.1,85.6,66.5,85.6
BAC I,A,Savanes,Féminin,2014-2022 (9 obs),36.4,83.3,61.6,83.3
BAC I,A,Savanes,Masculin,2014-2022 (9 obs),44.5,88.6,69.7,88.6
BAC I,A,Savanes,Total,2014-2022 (8 obs),41.8,84.7,64.6,84.7
BAC I,A,Togo,Féminin,2014-2022 (9 obs),50.7,84.4,66.8,84.4
BAC I,A,Togo,Masculin,2014-2022 (9 obs),58.0,85.6,71.2,85.6
BAC I,A,Togo,Total,2014-2022 (8 obs),56.7,82.3,67.5,82.3
BAC I,C,Centrale,Féminin,2014-2022 (9 obs),0.0,100.0,83.3,100.0
BAC I,C,Centrale,Masculin,2014-2022 (9 obs),70.6,100.0,92.2,100.0
BAC I,C,Centrale,Total,2014-2022 (9 obs),75.0,100.0,91.7,100.0
BAC I,C,Kara,Féminin,2014-2022 (9 obs),92.0,100.0,98.9,100.0
BAC I,C,Kara,Masculin,2014-2022 (9 obs),95.0,100.0,98.0,100.0
BAC I,C,Kara,Total,2014-2022 (9 obs),94.0,100.0,98.2,100.0
BAC I,C,Lomé-Golfe,Féminin,2014-2022 (9 obs),76.5,98.3,87.5,98.3
BAC I,C,Lomé-Golfe,Masculin,2014-2022 (9 obs),83.3,99.4,92.3,99.4
BAC I,C,Lomé-Golfe,Total,2014-2022 (9 obs),11.6,98.9,81.6,98.9
BAC I,C,Maritime,Féminin,2014-2022 (9 obs),70.0,100.0,90.4,100.0
BAC I,C,Maritime,Masculin,2014-2022 (9 obs),82.5,100.0,93.7,100.0
BAC I,C,Maritime,Total,2014-2022 (9 obs),79.7,100.0,92.9,100.0
BAC I,C,Plateaux,Féminin,2014-2022 (9 obs),28.8,100.0,77.0,100.0
BAC I,C,Plateaux,Masculin,2014-2022 (9 obs),57.3,100.0,87.1,100.0
BAC I,C,Plateaux,Total,2014-2022 (9 obs),49.2,100.0,84.4,100.0
BAC I,C,Savanes,Féminin,2014-2022 (9 obs),78.0,100.0,95.7,100.0
BAC I,C,Savanes,Masculin,2014-2022 (9 obs),77.0,100.0,96.3,100.0
BAC I,C,Savanes,Total,2014-2022 (9 obs),77.0,100.0,95.9,100.0
BAC I,C,Togo,Féminin,2014-2022 (9 obs),70.2,98.8,88.7,98.8
BAC I,C,Togo,Masculin,2014-2022 (9 obs),81.9,98.6,92.6,98.6
BAC I,C,Togo,Total,2014-2022 (9 obs),20.9,98.6,83.4,98.6
BAC I,D,Centrale,Féminin,2014-2022 (9 obs),47.8,76.7,62.1,76.7
BAC I,D,Centrale,Masculin,2014-2022 (9 obs),56.5,82.7,68.1,82.7
BAC I,D,Centrale,Total,2014-2022 (9 obs),55.0,80.4,66.5,80.4
BAC I,D,Kara,Féminin,2014-2022 (9 obs),39.6,80.2,64.9,80.2
BAC I,D,Kara,Masculin,2014-2022 (9 obs),50.4,79.9,71.2,79.9
BAC I,D,Kara,Total,2014-2022 (9 obs),47.8,79.1,69.6,79.1
BAC I,D,Lomé-Golfe,Féminin,2014-2022 (9 obs),44.3,78.9,65.6,78.9
BAC I,D,Lomé-Golfe,Masculin,2014-2022 (9 obs),41.7,81.5,66.8,81.5
BAC I,D,Lomé-Golfe,Total,2014-2022 (9 obs),42.7,79.7,66.3,79.7
BAC I,D,Maritime,Féminin,2014-2022 (9 obs),32.3,73.6,57.4,73.6
BAC I,D,Maritime,Masculin,2014-2022 (9 obs),42.1,74.4,64.6,74.4
BAC I,D,Maritime,Total,2014-2022 (9 obs),39.3,74.2,62.5,74.2
BAC I,D,Plateaux,Féminin,2014-2022 (9 obs),39.1,78.9,61.1,78.9
BAC I,D,Plateaux,Masculin,2014-2022 (9 obs),44.5,83.2,67.3,83.2
BAC I,D,Plateaux,Total,2014-2022 (9 obs),43.3,81.8,65.7,81.8
BAC I,D,Savanes,Féminin,2014-2022 (9 obs),29.3,72.4,58.0,72.4
BAC I,D,Savanes,Masculin,2014-2022 (9 obs),34.6,76.4,63.9,76.4
BAC I,D,Savanes,Total,2014-2022 (9 obs),33.3,75.4,62.5,75.4
BAC I,D,Togo,Féminin,2014-2022 (9 obs),43.4,76.0,62.6,76.0
BAC I,D,Togo,Masculin,2014-2022 (9 obs),47.5,79.4,67.0,79.4
BAC I,D,Togo,Total,2014-2022 (9 obs),46.3,95.1,68.8,95.1
