faculte,annee,hommes,femmes,total
CERSA,2013,0.0,0.0,0.0
CERSA,2014,0.0,0.0,0.0
CERSA,2015,17.0,4.0,21.0
CERSA,2016,19.0,4.0,23.0
CERSA,2017,21.0,3.0,24.0
CERSA,2018,40.0,11.0,51.0
CIC,2013,165.0,15.0,180.0
CIC,2014,146.0,14.0,160.0
CIC,2015,200.0,20.0,220.0
CIC,2016,230.0,29.0,259.0
CIC,2017,258.0,27.0,285.0
CIC,2018,306.0,26.0,332.0
EAM,2013,281.0,112.0,393.0
EAM,2014,185.0,47.0,232.0
EAM,2015,133.0,15.0,148.0
EAM,2016,154.0,15.0,169.0
EAM,2017,161.0,12.0,173.0
EAM,2018,154.0,24.0,178.0
ENSI,2013,372.0,10.0,382.0
ENSI,2014,381.0,6.0,387.0
ENSI,2015,414.0,8.0,422.0
ENSI,2016,624.0,29.0,653.0
ENSI,2017,694.0,34.0,728.0
ENSI,2018,751.0,39.0,790.0
ESA,2013,931.0,117.0,1048.0
ESA,2014,1011.0,152.0,1163.0
ESA,2015,903.0,160.0,1063.0
ESA,2016,1043.0,197.0,1240.0
ESA,2017,1018.0,194.0,1212.0
ESA,2018,982.0,227.0,1209.0
ESAAD,2013,0.0,0.0,0.0
ESAAD,2014,0.0,0.0,0.0
ESAAD,2015,29.0,377.0,406.0
ESAAD,2016,27.0,396.0,423.0
ESAAD,2017,25.0,392.0,417.0
ESAAD,2018,20.0,388.0,408.0
ESSD,2013,26.0,313.0,339.0
ESSD,2014,31.0,364.0,395.0
ESSD,2015,0.0,0.0,0.0
ESSD,2016,0.0,0.0,0.0
ESSD,2017,0.0,0.0,0.0
ESSD,2018,0.0,0.0,0.0
ESTBA,2013,597.0,241.0,838.0
ESTBA,2014,707.0,287.0,994.0
ESTBA,2015,722.0,283.0,1005.0
ESTBA,2016,703.0,287.0,990.0
ESTBA,2017,626.0,288.0,914.0
ESTBA,2018,521.0,235.0,756.0
FASEG,2013,7820.0,2434.0,10254.0
FASEG,2014,7331.0,2455.0,9786.0
FASEG,2015,7726.0,2679.0,10405.0
FASEG,2016,8766.0,3562.0,12328.0
FASEG,2017,9412.0,4244.0,13656.0
FASEG,2018,9751.0,4935.0,14686.0
FAST,2013,373.0,18.0,391.0
FAST,2014,399.0,22.0,421.0
FAST,2015,464.0,34.0,498.0
FAST,2016,665.0,61.0,726.0
FAST,2017,941.0,105.0,1046.0
FAST,2018,1220.0,171.0,1391.0
FDD,2013,3933.0,1770.0,5703.0
FDD,2014,3631.0,1657.0,5288.0
FDD,2015,3939.0,1913.0,5852.0
FDD,2016,4372.0,2221.0,6593.0
FDD,2017,4305.0,2333.0,6638.0
FDD,2018,4452.0,2665.0,7117.0
FDS,2013,4469.0,840.0,5309.0
FDS,2014,4377.0,819.0,5196.0
FDS,2015,4586.0,949.0,5535.0
FDS,2016,5216.0,1223.0,6439.0
FDS,2017,5670.0,1258.0,6928.0
FDS,2018,6826.0,1796.0,8622.0
FDSP,2013,1902.0,702.0,2604.0
FDSP,2014,1940.0,748.0,2688.0
FDSP,2015,1958.0,808.0,2766.0
FDSP,2016,2068.0,956.0,3024.0
FDSP,2017,2125.0,918.0,3043.0
FDSP,2018,1810.0,712.0,2522.0
FLESH,2013,11670.0,4994.0,16664.0
FLESH,2014,10969.0,4735.0,15704.0
FLESH,2015,0.0,0.0,0.0
FLESH,2016,0.0,0.0,0.0
FLESH,2017,0.0,0.0,0.0
FLESH,2018,0.0,0.0,0.0
FLLA,2013,0.0,0.0,0.0
FLLA,2014,0.0,0.0,0.0
FLLA,2015,4156.0,2022.0,6178.0
FLLA,2016,4772.0,2471.0,7243.0
FLLA,2017,4775.0,2463.0,7238.0
FLLA,2018,4837.0,2992.0,7829.0
FSHS,2013,0.0,0.0,0.0
FSHS,2014,0.0,0.0,0.0
FSHS,2015,7046.0,2870.0,9916.0
FSHS,2016,7851.0,3329.0,11180.0
FSHS,2017,7581.0,3154.0,10735.0
FSHS,2018,7567.0,3386.0,10953.0
FSS,2013,1083.0,304.0,1387.0
FSS,2014,1201.0,382.0,1583.0
FSS,2015,1274.0,467.0,1741.0
FSS,2016,1195.0,414.0,1609.0
FSS,2017,1311.0,503.0,1814.0
FSS,2018,1371.0,565.0,1936.0
INSE,2013,274.0,162.0,436.0
INSE,2014,280.0,155.0,435.0
INSE,2015,276.0,169.0,445.0
INSE,2016,250.0,145.0,395.0
INSE,2017,227.0,153.0,380.0
INSE,2018,211.0,167.0,378.0
ISICA,2013,97.0,172.0,269.0
ISICA,2014,110.0,177.0,287.0
ISICA,2015,116.0,185.0,301.0
ISICA,2016,108.0,177.0,285.0
ISICA,2017,105.0,182.0,287.0
ISICA,2018,109.0,159.0,268.0
ISMA,2013,0.0,0.0,0.0
ISMA,2014,0.0,0.0,0.0
ISMA,2015,0.0,0.0,0.0
ISMA,2016,0.0,0.0,0.0
ISMA,2017,0.0,0.0,0.0
ISMA,2018,26.0,4.0,30.0
IUTG,2013,186.0,80.0,266.0
IUTG,2014,220.0,88.0,308.0
IUTG,2015,210.0,101.0,311.0
IUTG,2016,188.0,100.0,288.0
IUTG,2017,172.0,94.0,266.0
IUTG,2018,150.0,118.0,268.0
TOLAL GENERAL,2013,42176.0,14381.0,56557.0
TOLAL GENERAL,2014,40237.0,14145.0,54382.0
TOLAL GENERAL,2015,40940.0,14972.0,55912.0
TOLAL GENERAL,2016,46378.0,18149.0,64527.0
TOLAL GENERAL,2017,48678.0,19396.0,68074.0
TOLAL GENERAL,2018,51385.0,22646.0,74031.0
TOTAL Uk,2013,10272.0,2817.0,13089.0
TOTAL Uk,2014,9657.0,2807.0,12464.0
TOTAL Uk,2015,9193.0,2750.0,11943.0
TOTAL Uk,2016,10860.0,3550.0,14410.0
TOTAL Uk,2017,12317.0,4062.0,16379.0
TOTAL Uk,2018,13337.0,4913.0,18250.0
TOTAL Ul,2013,31904.0,11564.0,43468.0
TOTAL Ul,2014,30580.0,11338.0,41918.0
TOTAL Ul,2015,31747.0,12222.0,43969.0
TOTAL Ul,2016,35518.0,14599.0,50117.0
TOTAL Ul,2017,36361.0,15334.0,51695.0
TOTAL Ul,2018,38048.0,17733.0,55781.0
