filiere,nb_metiers_matches,nb_avec_riasec,metiers
Agronomie,11,10,"11-9013.00 Farmers, Ranchers, and Other Agricultural Managers; 17-2021.00 Agricultural Engineers; 19-1013.00 Soil and Plant Scientists; 19-4012.00 Agricultural Technicians; 19-4012.01 Precision Agriculture Technicians; 25-1041.00 Agricultural Sciences Teachers, Postsecondary; 45-2011.00 Agricultural Inspectors; 45-2041.00 Graders and Sorters, Agricultural Products; 45-2091.00 Agricultural Equipment Operators; 45-2092.00 Farmworkers and Laborers, Crop, Nursery, and Greenhouse; 45-2099.00 Agricultural Workers, All Other"
Anglais,6,6,"25-1123.00 English Language and Literature Teachers, Postsecondary; 25-1124.00 Foreign Language and Literature Teachers, Postsecondary; 25-3011.00 Adult Basic Education, Adult Secondary Education, and English as a Second Language Instructors; 27-3091.00 Interpreters and Translators; 29-1127.00 Speech-Language Pathologists; 31-9099.01 Speech-Language Pathology Assistants"
Arts Plastiques,34,30,"11-9032.00 Education Administrators, Kindergarten through Secondary; 13-1011.00 Agents and Business Managers of Artists, Performers, and Athletes; 15-1255.00 Web and Digital Interface Designers; 15-1255.01 Video Game Designers; 17-1021.00 Cartographers and Photogrammetrists; 25-1051.00 Atmospheric, Earth, Marine, and Space Sciences Teachers, Postsecondary; 25-1121.00 Art, Drama, and Music Teachers, Postsecondary; 25-2012.00 Kindergarten Teachers, Except Special Education; 25-2055.00 Special Education Teachers, Kindergarten; 27-1011.00 Art Directors; 27-1012.00 Craft Artists; 27-1013.00 Fine Artists, Including Painters, Sculptors, and Illustrators…"
Banque et Assurance,12,12,"13-1032.00 Insurance Appraisers, Auto Damage; 13-2041.00 Credit Analysts; 13-2053.00 Insurance Underwriters; 13-2054.00 Financial Risk Specialists; 13-2071.00 Credit Counselors; 13-2072.00 Loan Officers; 41-3021.00 Insurance Sales Agents; 41-3091.00 Sales Representatives of Services, Except Advertising, Insurance, Financial Services, and Travel; 43-4041.00 Credit Authorizers, Checkers, and Clerks; 43-4111.00 Interviewers, Except Eligibility and Loan; 43-4131.00 Loan Interviewers and Clerks; 43-9041.00 Insurance Claims and Policy Processing Clerks"
Biologie,9,8,"19-1021.00 Biochemists and Biophysicists; 19-1022.00 Microbiologists; 19-1023.00 Zoologists and Wildlife Biologists; 19-1029.00 Biological Scientists, All Other; 19-1029.02 Molecular and Cellular Biologists; 19-1029.03 Geneticists; 19-1029.04 Biologists; 19-4021.00 Biological Technicians; 25-1042.00 Biological Science Teachers, Postsecondary"
Communication et Journalisme,13,12,"11-2032.00 Public Relations Managers; 15-1241.01 Telecommunications Engineering Specialists; 25-1122.00 Communications Teachers, Postsecondary; 27-3011.00 Broadcast Announcers and Radio Disc Jockeys; 27-3023.00 News Analysts, Reporters, and Journalists; 27-3031.00 Public Relations Specialists; 27-3041.00 Editors; 27-3092.00 Court Reporters and Simultaneous Captioners; 27-4012.00 Broadcast Technicians; 27-4032.00 Film and Video Editors; 43-2099.00 Communications Equipment Operators, All Other; 49-2022.00 Telecommunications Equipment Installers and Repairers, Except Line Installers…"
Droit,8,7,"23-1011.00 Lawyers; 23-1021.00 Administrative Law Judges, Adjudicators, and Hearing Officers; 23-1022.00 Arbitrators, Mediators, and Conciliators; 23-1023.00 Judges, Magistrate Judges, and Magistrates; 23-2011.00 Paralegals and Legal Assistants; 23-2099.00 Legal Support Workers, All Other; 43-6012.00 Legal Secretaries and Administrative Assistants; 43-6014.00 Secretaries and Administrative Assistants, Except Legal, Medical, and Executive"
Économie,5,5,13-1161.00 Market Research Analysts and Marketing Specialists; 15-2041.00 Statisticians; 15-2041.01 Biostatisticians; 19-3011.00 Economists; 19-3011.01 Environmental Economists
Enseignement Primaire,8,8,"11-9031.00 Education and Childcare Administrators, Preschool and Daycare; 11-9032.00 Education Administrators, Kindergarten through Secondary; 25-2011.00 Preschool Teachers, Except Special Education; 25-2012.00 Kindergarten Teachers, Except Special Education; 25-2021.00 Elementary School Teachers, Except Special Education; 25-2051.00 Special Education Teachers, Preschool; 25-2055.00 Special Education Teachers, Kindergarten; 25-9042.00 Teaching Assistants, Preschool, Elementary, Middle, and Secondary School, Except Special Education"
Finance et Comptabilité,7,7,"11-3031.01 Treasurers and Controllers; 13-2011.00 Accountants and Auditors; 13-2081.00 Tax Examiners and Collectors, and Revenue Agents; 13-2082.00 Tax Preparers; 43-3031.00 Bookkeeping, Accounting, and Auditing Clerks; 47-4011.01 Energy Auditors; 53-3054.00 Taxi Drivers"
Génie Civil,14,12,"11-9021.00 Construction Managers; 17-1022.00 Surveyors; 17-1022.01 Geodetic Surveyors; 17-2051.00 Civil Engineers; 17-3022.00 Civil Engineering Technologists and Technicians; 47-1011.00 First-Line Supervisors of Construction Trades and Extraction Workers; 47-2061.00 Construction Laborers; 47-2073.00 Operating Engineers and Other Construction Equipment Operators; 47-2141.00 Painters, Construction and Maintenance; 47-2221.00 Structural Iron and Steel Workers; 47-3019.00 Helpers, Construction Trades, All Other; 47-4011.00 Construction and Building Inspectors…"
Génie Électrique,12,12,"11-3051.04 Biomass Power Plant Managers; 17-2071.00 Electrical Engineers; 17-2072.00 Electronics Engineers, Except Computer; 47-2111.00 Electricians; 47-3013.00 Helpers--Electricians; 49-2092.00 Electric Motor, Power Tool, and Related Repairers; 49-2095.00 Electrical and Electronics Repairers, Powerhouse, Substation, and Relay; 49-3053.00 Outdoor Power Equipment and Other Small Engine Mechanics; 49-9051.00 Electrical Power-Line Installers and Repairers; 51-8011.00 Nuclear Power Reactor Operators; 51-8012.00 Power Distributors and Dispatchers; 51-8013.00 Power Plant Operators"
Génie Informatique,19,18,"11-3021.00 Computer and Information Systems Managers; 15-1211.00 Computer Systems Analysts; 15-1221.00 Computer and Information Research Scientists; 15-1231.00 Computer Network Support Specialists; 15-1232.00 Computer User Support Specialists; 15-1241.00 Computer Network Architects; 15-1244.00 Network and Computer Systems Administrators; 15-1251.00 Computer Programmers; 15-1252.00 Software Developers; 15-1254.00 Web Developers; 15-1299.00 Computer Occupations, All Other; 15-1299.08 Computer Systems Engineers/Architects…"
Génie Mécanique,6,6,17-2112.00 Industrial Engineers; 17-2141.00 Mechanical Engineers; 17-3013.00 Mechanical Drafters; 17-3026.00 Industrial Engineering Technologists and Technicians; 17-3027.00 Mechanical Engineering Technologists and Technicians; 51-4041.00 Machinists
Géographie,6,6,"15-1299.02 Geographic Information Systems Technologists and Technicians; 17-1021.00 Cartographers and Photogrammetrists; 17-1022.00 Surveyors; 17-1022.01 Geodetic Surveyors; 19-2042.00 Geoscientists, Except Hydrologists and Geographers; 19-3092.00 Geographers"
Gestion des Entreprises,10,9,"11-1011.00 Chief Executives; 11-1021.00 General and Operations Managers; 11-3012.00 Administrative Services Managers; 11-9199.09 Wind Energy Operations Managers; 13-1011.00 Agents and Business Managers of Artists, Performers, and Athletes; 13-1199.00 Business Operations Specialists, All Other; 13-1199.04 Business Continuity Planners; 13-2022.00 Appraisers of Personal and Business Property; 15-2051.01 Business Intelligence Analysts; 25-1011.00 Business Teachers, Postsecondary"
Histoire,3,3,19-3091.00 Anthropologists and Archeologists; 19-3093.00 Historians; 25-4011.00 Archivists
Informatique,24,23,11-3021.00 Computer and Information Systems Managers; 15-1211.00 Computer Systems Analysts; 15-1212.00 Information Security Analysts; 15-1221.00 Computer and Information Research Scientists; 15-1231.00 Computer Network Support Specialists; 15-1232.00 Computer User Support Specialists; 15-1241.00 Computer Network Architects; 15-1242.00 Database Administrators; 15-1243.00 Database Architects; 15-1244.00 Network and Computer Systems Administrators; 15-1251.00 Computer Programmers; 15-1252.00 Software Developers…
Lettres Modernes,7,7,"13-2053.00 Insurance Underwriters; 25-4022.00 Librarians and Media Collections Specialists; 27-3042.00 Technical Writers; 27-3043.00 Writers and Authors; 27-3043.05 Poets, Lyricists and Creative Writers; 39-3012.00 Gambling and Sports Book Writers and Runners; 43-4041.00 Credit Authorizers, Checkers, and Clerks"
Mathématiques Appliquées,5,5,15-2021.00 Mathematicians; 15-2031.00 Operations Research Analysts; 15-2041.00 Statisticians; 15-2041.01 Biostatisticians; 15-2051.00 Data Scientists
Médecine,38,36,"11-9111.00 Medical and Health Services Managers; 17-2031.00 Bioengineers and Biomedical Engineers; 19-1042.00 Medical Scientists, Except Epidemiologists; 29-1022.00 Oral and Maxillofacial Surgeons; 29-1071.00 Physician Assistants; 29-1071.01 Anesthesiologist Assistants; 29-1211.00 Anesthesiologists; 29-1214.00 Emergency Medicine Physicians; 29-1215.00 Family Medicine Physicians; 29-1216.00 General Internal Medicine Physicians; 29-1218.00 Obstetricians and Gynecologists; 29-1221.00 Pediatricians, General…"
Odontologie,5,4,"29-1021.00 Dentists, General; 29-1029.00 Dentists, All Other Specialists; 29-1292.00 Dental Hygienists; 31-9091.00 Dental Assistants; 51-9081.00 Dental Laboratory Technicians"
Pharmacie,1,1,29-1051.00 Pharmacists
Physique-Chimie,8,8,"19-1021.00 Biochemists and Biophysicists; 19-2012.00 Physicists; 19-2031.00 Chemists; 19-4031.00 Chemical Technicians; 25-1052.00 Chemistry Teachers, Postsecondary; 29-2012.00 Medical and Clinical Laboratory Technicians; 51-9081.00 Dental Laboratory Technicians; 51-9083.00 Ophthalmic Laboratory Technicians"
Psychologie,27,24,"13-2071.00 Credit Counselors; 19-3032.00 Industrial-Organizational Psychologists; 19-3033.00 Clinical and Counseling Psychologists; 19-3034.00 School Psychologists; 19-3039.00 Psychologists, All Other; 19-3039.02 Neuropsychologists; 19-3039.03 Clinical Neuropsychologists; 21-1011.00 Substance Abuse and Behavioral Disorder Counselors; 21-1012.00 Educational, Guidance, and Career Counselors and Advisors; 21-1013.00 Marriage and Family Therapists; 21-1014.00 Mental Health Counselors; 21-1015.00 Rehabilitation Counselors…"
Sciences de l'Éducation,66,60,"11-9031.00 Education and Childcare Administrators, Preschool and Daycare; 11-9032.00 Education Administrators, Kindergarten through Secondary; 11-9033.00 Education Administrators, Postsecondary; 11-9039.00 Education Administrators, All Other; 21-1012.00 Educational, Guidance, and Career Counselors and Advisors; 21-1091.00 Health Education Specialists; 21-2021.00 Directors, Religious Activities and Education; 25-1011.00 Business Teachers, Postsecondary; 25-1021.00 Computer Science Teachers, Postsecondary; 25-1022.00 Mathematical Science Teachers, Postsecondary; 25-1031.00 Architecture Teachers, Postsecondary; 25-1032.00 Engineering Teachers, Postsecondary…"
Sciences Environnementales,11,11,"17-2081.00 Environmental Engineers; 17-3025.00 Environmental Engineering Technologists and Technicians; 19-1031.00 Conservation Scientists; 19-2041.00 Environmental Scientists and Specialists, Including Health; 19-2041.03 Industrial Ecologists; 19-2042.00 Geoscientists, Except Hydrologists and Geographers; 19-2043.00 Hydrologists; 19-4071.00 Forest and Conservation Technicians; 25-1043.00 Forestry and Conservation Science Teachers, Postsecondary; 29-1218.00 Obstetricians and Gynecologists; 45-4011.00 Forest and Conservation Workers"
Sciences Forestières,4,4,"19-1031.00 Conservation Scientists; 19-1032.00 Foresters; 25-1043.00 Forestry and Conservation Science Teachers, Postsecondary; 45-1011.00 First-Line Supervisors of Farming, Fishing, and Forestry Workers"
Sciences Infirmières,16,13,"11-9111.00 Medical and Health Services Managers; 21-1022.00 Healthcare Social Workers; 29-1141.00 Registered Nurses; 29-1141.01 Acute Care Nurses; 29-1141.02 Advanced Practice Psychiatric Nurses; 29-1141.03 Critical Care Nurses; 29-1141.04 Clinical Nurse Specialists; 29-1151.00 Nurse Anesthetists; 29-1161.00 Nurse Midwives; 29-1171.00 Nurse Practitioners; 29-1299.00 Healthcare Diagnosing or Treating Practitioners, All Other; 29-2061.00 Licensed Practical and Licensed Vocational Nurses…"
Sciences Politiques,6,6,"11-1031.00 Legislators; 13-1041.04 Government Property Inspectors and Investigators; 15-2051.01 Business Intelligence Analysts; 19-3094.00 Political Scientists; 33-3021.06 Intelligence Analysts; 43-4061.00 Eligibility Interviewers, Government Programs"
Sociologie,10,8,"11-9141.00 Property, Real Estate, and Community Association Managers; 11-9151.00 Social and Community Service Managers; 19-3041.00 Sociologists; 19-3091.00 Anthropologists and Archeologists; 21-1021.00 Child, Family, and School Social Workers; 21-1022.00 Healthcare Social Workers; 21-1023.00 Mental Health and Substance Abuse Social Workers; 21-1029.00 Social Workers, All Other; 21-1094.00 Community Health Workers; 21-1099.00 Community and Social Service Specialists, All Other"
Tourisme et Hôtellerie,11,11,"11-9081.00 Lodging Managers; 35-2014.00 Cooks, Restaurant; 35-3041.00 Food Servers, Nonrestaurant; 35-9031.00 Hosts and Hostesses, Restaurant, Lounge, and Coffee Shop; 39-6012.00 Concierges; 39-7012.00 Travel Guides; 41-3041.00 Travel Agents; 41-3091.00 Sales Representatives of Services, Except Advertising, Insurance, Financial Services, and Travel; 43-4081.00 Hotel, Motel, and Resort Desk Clerks; 43-4181.00 Reservation and Transportation Ticket Agents and Travel Clerks; 53-2031.00 Flight Attendants"
