FID,region_nom_bdd,prefecture_nom_bdd,commune_nom_bdd,canton_nom_bdd,nom_localite,etab_nom,etab_adresse,etab_jour,etab_creation_date,terrain,activite_statut,etablissement_categorie,toilette_type,terrain_sport,geometry
_mview_formationtech_etablissements_formation_technique.fid-7b1c8a4a_1943c5e84ca_7f78,Plateaux,Kloto,Kloto 3,Kouma,DUNYO,Centre Rurale d'Activité Sociaux Éducatif,Neant,"{Jeudi,Mardi,Mercredi,Vendredi,lundi}",1976,,,,,,POINT (0.5934314761286296 6.981183485251623)
_mview_formationtech_etablissements_formation_technique.fid-7b1c8a4a_1943c5e84ca_7f79,Plateaux,Ogou,Ogou 1,Gnagna,Lomnava,Complexe Technique Excellence (CTE),"Complexe Technique Excellence, Gnagna","{Vendredi,jeudi,Mercredi,Mardi,Lundi}",Nsp,Prive - individuel,{Construit et Utilise},Formation Professionnelle autre,Nsp,Non,POINT (1.1280671568539027 7.520031982585708)
_mview_formationtech_etablissements_formation_technique.fid-7b1c8a4a_1943c5e84ca_7f7a,Savanes,Tône,Tône 1,Dapaong,N/a,Centre des Métiers de Dapaong Bonita Haus,Nsp,Nsp,Nsp,Nsp,Nsp,Nsp,N/a,Non,POINT (0.201008 10.87326)
_mview_formationtech_etablissements_formation_technique.fid-7b1c8a4a_1943c5e84ca_7f7b,Plateaux,Amou,Amou 2,Sodo,Sodo,Centre de Formation Technique et Professionnelle de Sodo,BP 06 Kpele Ele,"{Lundi,Mardi,Mercredi,jeudi,Vendredi}",2005,Domaine public de l'etat ou des collectivites territoriales,{Construit et Utilise},Nsp,Nsp,Non,POINT (0.8235615191080674 7.310607262237098)
_mview_formationtech_etablissements_formation_technique.fid-7b1c8a4a_1943c5e84ca_7f7c,Maritime,Golfe,Golfe 5,Aflao-Gakli,Agbalepedogan,Centre d'Enseignement Technique et Information les Talents,05 BP860 - Lomé,"{Lundi,Mardi,Mercredi,jeudi,Vendredi}",2000,Prive - individuel,{Construit et Utilise},Formation Professionnelle autre,Nsp,Non,POINT (1.20187477985314 6.195758085687791)
_mview_formationtech_etablissements_formation_technique.fid-7b1c8a4a_1943c5e84ca_7f7d,Maritime,Golfe,Golfe 1,Bè-Est,Adakpame,Ecole de Coupe de Couture et de Perfectionnement Style Tahiti,"Ecole de Coupe de Couture et de Perfectionnement Style Tahiti,","{Lundi,Mardi,Mercredi,jeudi,Vendredi}",Nsp,Prive - individuel,{Construit et Utilise},Formation Professionnelle autre,Nsp,Nsp,POINT (1.2827233333333325 6.169571666666668)
_mview_formationtech_etablissements_formation_technique.fid-7b1c8a4a_1943c5e84ca_7f7e,Maritime,Golfe,Golfe 3,Bè-Ouest,N/a,Centre d'Entrainement des Jeunes à l'initiative Privée (CEJIP),Nsp,Nsp,Nsp,Nsp,Nsp,Nsp,N/a,Non,POINT (1.228436121591839 6.157707218570282)
_mview_formationtech_etablissements_formation_technique.fid-7b1c8a4a_1943c5e84ca_7f7f,Maritime,Agoè-Nyivé,Agoè-Nyivé 1,Agoè-Nyivé,Léo 200,Ecole de Coupe de Couture et de Perfectionnement Style Tahiti,"Immeuble en face du lycée le Jourdain pas loin de Limousine, 90183990","{Lundi,Mardi,Mercredi,jeudi,Vendredi}",2008,Prive - individuel,{Construit et Utilise},Formation profesionnelle autre,N/a,Non,POINT (1.182498494593492 6.205760088438976)
_mview_formationtech_etablissements_formation_technique.fid-7b1c8a4a_1943c5e84ca_7f80,Maritime,Agoè-Nyivé,Agoè-Nyivé 1,Agoè-Nyivé,N/a,Centre d'Information et d'Orientation Professionnelle d'Agoe (CIFOP-Itas),"Cifop Itas, Agoe Nyve","{Lundi,Mardi,Mercredi,jeudi,Vendredi}",2008,Nsp,Nsp,Nsp,Nsp,Nsp,POINT (1.2039446080806466 6.232256442763505)
_mview_formationtech_etablissements_formation_technique.fid-7b1c8a4a_1943c5e84ca_7f81,Centrale,Tchaoudjo,Tchaoudjo 1,Sokodè (Komah),N/a,Institut Polytechnique la Source de Savoir,Nsp,Nsp,Nsp,Nsp,Nsp,Nsp,N/a,Non,POINT (1.1375360232989327 8.98354469212119)
_mview_formationtech_etablissements_formation_technique.fid-7b1c8a4a_1943c5e84ca_7f82,Maritime,Golfe,Golfe 3,Bè-Ouest,TOKOIN TAME,Centre de Formation aux Métiers de l'Industrie (CFMI),Nsp,"{Lundi,Mercredi,Mardi,jeudi,Vendredi}",2015,Domaine prive de l'Etat ou des collectivites territoriales,{Construit et Utilise},Licence,N/a,Non,POINT (1.22334688291354 6.167924848213879)
_mview_formationtech_etablissements_formation_technique.fid-7b1c8a4a_1943c5e84ca_7f83,Maritime,Golfe,Golfe 3,Bè-Ouest,N/a,Centre de Formation Bancaire du Togo (CFBT),Nsp,Nsp,Nsp,Nsp,Nsp,Nsp,N/a,Non,POINT (1.22352 6.167708)
_mview_formationtech_etablissements_formation_technique.fid-7b1c8a4a_1943c5e84ca_7f84,Maritime,Agoè-Nyivé,Agoè-Nyivé 1,Agoè-Nyivé,Adidoadin,Centre de Formation Professionnelle Dtech Group,"Cfp Dtech Group, Agoe Nyive",Nsp,Nsp,Nsp,{Construit et Utilise},CAP,Nsp,Nsp,POINT (1.1867997800610846 6.20958396259766)
_mview_formationtech_etablissements_formation_technique.fid-7b1c8a4a_1943c5e84ca_7f85,Maritime,Golfe,Golfe 3,Bè-Ouest,Universite De Lome,Campus Sud Enfs Universite de Lomé,"Campus Sud, Bé","{Lundi,Mardi,Mercredi,jeudi,Vendredi}",1966,Domaine public de l'etat ou des collectivites territoriales,{Construit et Utilise},Formation Professionnelle autre,Nsp,Non,POINT (1.2130116537404618 6.171082786885522)
_mview_formationtech_etablissements_formation_technique.fid-7b1c8a4a_1943c5e84ca_7f86,Plateaux,Haho,Haho 1,Notsé,N/a,Centre de Formation Professionnelle et Prestation de de Services (CFPPS) KING's TECH,Nsp,Nsp,Nsp,Nsp,Nsp,Nsp,N/a,Non,POINT (1.1621666666666668 6.946574999999987)
_mview_formationtech_etablissements_formation_technique.fid-7b1c8a4a_1943c5e84ca_7f87,Maritime,Golfe,Golfe 3,Bè-Ouest,Tokoin,Institut Bebella,14 BP 13,"{Lundi,Mardi,Mercredi,jeudi,Vendredi}",Nsp,Prive - individuel,{Construit et Utilise},CAP,{WCs},Non,POINT (1.2242156216295899 6.15317918143724)
_mview_formationtech_etablissements_formation_technique.fid-7b1c8a4a_1943c5e84ca_7f88,Plateaux,Haho,Haho 1,Notsé,Dossa,Centre de Formation Technique et Professionnelle de Notse,"Cftp Notse, Notse","{Vendredi,jeudi,Mercredi,Mardi,Lundi}",2015,Domaine prive de l'etat ou des collectivites territoriales,"{Construit et Utilise,En construction}",CAP,{WCs},Non,POINT (1.1701289223571587 6.947851003713211)
_mview_formationtech_etablissements_formation_technique.fid-7b1c8a4a_1943c5e84ca_7f89,Plateaux,Kloto,Kloto 1,Agome-Kpalime,Kligue Kondji,Centre Agerto,BP 633 Kpalimé,"{Lundi,Mardi,Mercredi,jeudi,Vendredi}",1999,Domaine prive de l'etat ou des collectivites territoriales,{Construit et Utilise},Formation Professionnelle autre,"{WCs,Latrines a eau,Douches}",Non,POINT (0.6234935076747045 6.904184811591529)
_mview_formationtech_etablissements_formation_technique.fid-7b1c8a4a_1943c5e84ca_7f8a,Maritime,Agoè-Nyivé,Agoè-Nyivé 2,Légbassito,Legbassokpe,Centre Catholique de Formation Technique et Professionnelle Madre Agatha Carelli,"Ccftp Madre Agata Carelli Lycee, Agoe 2","{Lundi,Mardi,Mercredi,jeudi,Vendredi}",Nsp,Prive - individuel,{Construit et Utilise},Formation Professionnelle autre,{WCs},Oui,POINT (1.164600139208641 6.2596303653102785)
_mview_formationtech_etablissements_formation_technique.fid-7b1c8a4a_1943c5e84ca_7f8b,Maritime,Agoè-Nyivé,Agoè-Nyivé 1,Agoè-Nyivé,Gbonve,Centre de Formation Professionnelle le Record,"Carrefour Total Minamadou, Agoe Assiyeye, Lomé","{Lundi,Mardi,Mercredi,jeudi,Vendredi,Samedi}",2021,Prive - individuel,{Construit et Utilise},Formation Professionnelle autre,{WCs},Non,POINT (1.1932216666666675 6.224711666666667)
_mview_formationtech_etablissements_formation_technique.fid-7b1c8a4a_1943c5e84ca_7f8c,Maritime,Golfe,Golfe 1,Bè-Est,Ablogame,Centre de Formation Professionnelle Marie Dominique Mazzarello,06 BP 61184,"{Lundi,Mardi,Mercredi,jeudi,Vendredi}",Nsp,Nsp,Nsp,Nsp,Nsp,Nsp,POINT (1.2617577186637805 6.137721296984019)
_mview_formationtech_etablissements_formation_technique.fid-7b1c8a4a_1943c5e84ca_7f8d,Savanes,Kpendjal,Kpendjal 2,Borgou,Yanyane,Centre de Formation Technique et Professionnelle de Borgou,"Centre de Formation Technique et Professionnelle de Borgou, Borgou","{Lundi,Mardi,Mercredi,jeudi,Vendredi,Samedi}",2020,Domaine public de l'etat ou des collectivites territoriales,{Construit et Utilise},Formation Professionnelle autre,{Douches},Non,POINT (0.5904129325324127 10.79833535717918)
_mview_formationtech_etablissements_formation_technique.fid-7b1c8a4a_1943c5e84ca_7f8e,Savanes,Cinkassé,Cinkassé 1,Cinkassé,Kpalbiak,Centre de Formation Technique et Professionnelle de Cinkanse,"Centre de Formation Technique et Professionnelle, Cinkansse","{Lundi,Mardi,Mercredi,jeudi,Vendredi}",2014,Domaine public de l'etat ou des collectivites territoriales,{Construit et Utilise},CAP,Nsp,Non,POINT (0.0375028338546724 11.091900622500976)
_mview_formationtech_etablissements_formation_technique.fid-7b1c8a4a_1943c5e84ca_7f8f,Kara,Binah,Binah 1,Pagouda,Kpeloude,Centre de Formation Technique et Professionnelle de Pagouda,"Cftp de Pagouda, Pagouda","{Lundi,Mardi,Mercredi,jeudi,Vendredi}",2012,Prive - entreprise,{Construit et Utilise},Formation Professionnelle autre,{Latrines seches},Oui,POINT (1.3262211023086659 9.762202540668456)
_mview_formationtech_etablissements_formation_technique.fid-7b1c8a4a_1943c5e84ca_7f90,Plateaux,Kloto,Kloto 1,Agome-Kpalime,Kpalime,Centre de Formation Technique et Professionnelle La Grace,BP 142,"{Lundi,Mardi,Mercredi,jeudi,Vendredi}",2018,Prive - individuel,{Construit et Utilise},CAP,{Douches},Non,POINT (0.6305554654943881 6.916893733146727)
_mview_formationtech_etablissements_formation_technique.fid-7b1c8a4a_1943c5e84ca_7f91,Maritime,Golfe,Golfe 3,Bè-Ouest,Tokoin Habitat,Centre Informatique de Formation et d'Orientation Professionnelles (CIFOP),BP.80585,"{Lundi,Mardi,Mercredi,jeudi,Vendredi}",1992,Prive - entreprise,{Construit et Utilise},Formation Professionnelle autre,"{WCs,Latrines a eau}",Non,POINT (1.2050181960996555 6.147985024905347)
_mview_formationtech_etablissements_formation_technique.fid-7b1c8a4a_1943c5e84ca_7f92,Plateaux,Kloto,Kloto 1,Agome-Kpalime,Kpalime,Centre Regional d'Enseignement Technique et de Fomation Professionnelle de Kpalime,BP 94,"{Vendredi,jeudi,Mercredi,Mardi,Lundi}",2001,Domaine public de l'etat ou des collectivites territoriales,{Construit et Utilise},Formation Professionnelle autre,"{WCs,Douches}",Oui,POINT (0.6262869612012368 6.920403509630391)
_mview_formationtech_etablissements_formation_technique.fid-7b1c8a4a_1943c5e84ca_7f93,Maritime,Agoè-Nyivé,Agoè-Nyivé 1,Agoè-Nyivé,Agbokope,Complexe Scolaire la Parole,"Formation Technique la Parole, Legbassito","{Lundi,Mardi,Mercredi,jeudi,Vendredi}",Nsp,Prive - individuel,{Construit et Utilise},CAP,Nsp,Non,POINT (1.163670096267708 6.245989827867737)
_mview_formationtech_etablissements_formation_technique.fid-7b1c8a4a_1943c5e84ca_7f94,Maritime,Golfe,Golfe 1,Bè-Est,Kagnikope,Centre Regional d'Enseignement Technique et de Fomation Professionnelle Région Maritime,"Cretfp Rm, Be Kpota","{Lundi,Mardi,Mercredi,jeudi,Vendredi}",Nsp,Domaine public de l'etat ou des collectivites territoriales,{Construit et Utilise},Formation Professionnelle autre,Nsp,Oui,POINT (1.2955030742652534 6.157796121461548)
_mview_formationtech_etablissements_formation_technique.fid-7b1c8a4a_1943c5e84ca_7f95,Maritime,Yoto,Yoto 1,Kouvé,N/a,College Chris Roi de Kouvé,Nsp,Nsp,Nsp,Nsp,Nsp,Nsp,N/a,Non,POINT (1.414991 6.659665)
_mview_formationtech_etablissements_formation_technique.fid-7b1c8a4a_1943c5e84ca_7f96,Maritime,Golfe,Golfe 1,Bè-Est,N/a,Collège d'Enseignement Technique La Lumière,"Cet La Lumiere, Be","{Lundi,Mardi,Mercredi,jeudi,Vendredi}",2015,Prive - individuel,{Construit et Utilise},Formation Professionnelle autre,Nsp,Non,POINT (1.236692409185531 6.132934187601652)
_mview_formationtech_etablissements_formation_technique.fid-7b1c8a4a_1943c5e84ca_7f97,Maritime,Golfe,Golfe 3,Bè-Ouest,Tokoin Tame,College Technique la Revelation,"College Technique la Revelation, Be","{Lundi,Mardi,Mercredi,jeudi,Vendredi}",2002,Prive - individuel,{Construit et Utilise},CAP,{WCs},Oui,POINT (1.2282113680482571 6.162390547563502)
_mview_formationtech_etablissements_formation_technique.fid-7b1c8a4a_1943c5e84ca_7f98,Maritime,Golfe,Golfe 1,Bè-Est,Be,Complexe Polytechnique Ora et Labora,04 BP 6195,"{Lundi,Mardi,Mercredi,jeudi,Vendredi}",1970,Prive - individuel,{Construit et Utilise},Formation Professionnelle autre,{WCs},Non,POINT (1.2391460627816566 6.140234488572422)
_mview_formationtech_etablissements_formation_technique.fid-7b1c8a4a_1943c5e84ca_7f99,Maritime,Agoè-Nyivé,Agoè-Nyivé 1,Agoè-Nyivé,Agoe Logope,Complexe Scolaire Privé La Fabienne,"Institut Technique la Fabienne 1, Agoe Nyive 1","{Lundi,Mardi,Mercredi,jeudi,Vendredi}",2003,Prive - individuel,{Construit et Utilise},Formation Professionnelle autre,{WCs},Non,POINT (1.1810909537066794 6.2252055564781426)
_mview_formationtech_etablissements_formation_technique.fid-7b1c8a4a_1943c5e84ca_7f9a,Centrale,Tchaoudjo,Tchaoudjo 1,Sokodè (Komah),Tchawanda,Ecole des Micro Entrepreneur du Centre,BP 159,"{Lundi,Mardi,Mercredi,jeudi,Vendredi,Samedi}",2004,Prive - individuel,{Construit et Utilise},Formation Professionnelle autre,{WCs},Non,POINT (1.1335013018727313 8.983420496556782)
_mview_formationtech_etablissements_formation_technique.fid-7b1c8a4a_1943c5e84ca_7f9b,Maritime,Agoè-Nyivé,Agoè-Nyivé 6,Adétikopé,Adida,"Ecole Polytechnique d'Informatique, d'Électronique et de Gestion d'Adetikope","Ecole Polytechnique D'In Formatique d'Électronique et de Gestion, Adetikope","{""jeudi"",""Lundi"",""Mardi"",""Mercredi"",""Vendredi""}",Nsp,Prive - individuel,{autre},Nsp,Nsp,Non,POINT (1.2242933333333332 6.331918333333334)
_mview_formationtech_etablissements_formation_technique.fid-7b1c8a4a_1943c5e84ca_7f9c,Maritime,Golfe,Golfe 1,Bè-Est,Anfame,"Ecole Polytechnique d'Informatique, d'Electronique et de Gestion d'Afname",BP 10210 Lomé Aviation,"{Lundi,Mardi,Mercredi,jeudi,Vendredi}",1998,Nsp,{Construit et Utilise},Formation Professionnelle autre,"{Douches,WCs}",Non,POINT (1.2743146965798373 6.165275461510318)
_mview_formationtech_etablissements_formation_technique.fid-7b1c8a4a_1943c5e84ca_7f9d,Maritime,Agoè-Nyivé,Agoè-Nyivé 6,Adétikopé,Adeticope,Ecole Technique de Formation Professionnelle La Volonte,"Lycee Technique La Volonte, Adetikope","{""jeudi"",""Lundi"",""Mardi"",""Mercredi"",""Vendredi""}",Nsp,Ne sait pas,{Ferme},Nsp,Nsp,Nsp,POINT (1.2285488109494496 6.3269284484874735)
_mview_formationtech_etablissements_formation_technique.fid-7b1c8a4a_1943c5e84ca_7f9e,Maritime,Golfe,Golfe 1,Bè-Est,Adakpame Danwipé,Groupe Scolaire Les Cours Millenaires de l'Afrique de L'Ouest (GS-CMAO),"Groupe Scolaire les Cours_Millenaires de L'Ouest, Be","{""jeudi"",""Lundi"",""Mardi"",""Mercredi"",""Vendredi""}",2019,Prive - individuel,{Ferme},N/a,Nsp,Non,POINT (1.2861360685147563 6.169487217344224)
_mview_formationtech_etablissements_formation_technique.fid-7b1c8a4a_1943c5e84ca_7f9f,Maritime,Golfe,Golfe 6,Baguida,Avepozo,Institut Bilingue Libre du Togo,"Institut Bilingue Libre du Togo, Baguida","{""jeudi"",""Lundi"",""Mardi"",""Mercredi"",""Vendredi""}",Nsp,Nsp,Nsp,Nsp,Nsp,Nsp,POINT (1.3527768244611604 6.174584699262539)
_mview_formationtech_etablissements_formation_technique.fid-7b1c8a4a_1943c5e84ca_7fa0,Maritime,Golfe,Golfe 6,Baguida,Kpogan,Institut d'Enseignement General et Technique Sainte Catherine,12 BP294,"{Lundi,Mardi,Mercredi,jeudi,Vendredi}",2009,Prive - individuel,{Construit et Utilise},Formation Professionnelle autre,{WCs},Oui,POINT (1.3774902351322336 6.186194391087172)
_mview_formationtech_etablissements_formation_technique.fid-7b1c8a4a_1943c5e84ca_7fa1,Maritime,Golfe,Golfe 1,Bè-Est,Be Pa-desouza,Institut de Coupe de Couture Style et Perfectionne Style Cesar,BP 60558,"{Lundi,Mardi,Mercredi,jeudi,Vendredi}",2012,Prive - individuel,{Construit et Utilise},Formation Professionnelle autre,"{WCs,Douches}",Non,POINT (1.246570219014485 6.142533033407403)
_mview_formationtech_etablissements_formation_technique.fid-7b1c8a4a_1943c5e84ca_7fa2,Plateaux,Kloto,Kloto 1,Tové,Tove,Institut de Formation Agricole de Tove,BP 401 Kpalimé,"{Lundi,Mardi,Mercredi,jeudi,Vendredi}",1980,Domaine public de l'etat ou des collectivites territoriales,{Construit et Utilise},Licence,Nsp,Oui,POINT (0.6455883333333338 6.882958333333332)
_mview_formationtech_etablissements_formation_technique.fid-7b1c8a4a_1943c5e84ca_7fa3,Maritime,Golfe,Golfe 1,Bè-Est,Kpota,Institut de Formation des Génis Industriels (IFGI),"Lycee Technique Ifgi, Bè","{Lundi,Mardi,Mercredi,jeudi,Vendredi,Samedi}",Nsp,Nsp,{Construit et Utilise},BTS,{WCs},Non,POINT (1.2665160073923913 6.166526023740907)
_mview_formationtech_etablissements_formation_technique.fid-7b1c8a4a_1943c5e84ca_7fa4,Maritime,Golfe,Golfe 4,Amoutivé,Quartier administratif,Institut National de Formation et de Perfectionnement Professionnel (INFPP),Lome 01BP1005,"{Lundi,Mardi,Mercredi,jeudi,Vendredi}",1964,Domaine prive de l'Etat ou des collectivites territoriales,{Construit et Utilise},Formation profesionnelle autre,"{WCs,Pissotieres}",Non,POINT (1.2176797136031485 6.132705404234757)
_mview_formationtech_etablissements_formation_technique.fid-7b1c8a4a_1943c5e84ca_7fa5,Maritime,Agoè-Nyivé,Agoè-Nyivé 5,Sanguera,Nanegbe,"Complexe Scolaire ""Immaculee""","Cspl Immaculee Lycee Technique, Vakpossito","{Mardi,Lundi,Mercredi,jeudi,Vendredi}",2018,Prive - individuel,{Inacheve},Formation Professionnelle autre,{Latrines a eau},Non,POINT (1.1515310189393009 6.227809402699144)
_mview_formationtech_etablissements_formation_technique.fid-7b1c8a4a_1943c5e84ca_7fa6,Kara,Kozah,Kozah 1,Commune De Kara,Chaminade,Institut des Nouvelles Technologies Appliquées de Kara (INTA),"Inta Kara, Lama","{Lundi,Mardi,Mercredi,jeudi,Vendredi}",2000,Prive - entreprise,{Construit et Utilise},Formation Professionnelle autre,{Latrines a eau},Non,POINT (1.1924120969721572 9.554606815859437)
_mview_formationtech_etablissements_formation_technique.fid-7b1c8a4a_1943c5e84ca_7fa7,Centrale,Tchaoudjo,Tchaoudjo 1,Sokodè (Komah),Kouloumde,Institut des Sciences Techniques du Tertiaire,"Istt-Sokode, Sokode","{Lundi,Mardi,Mercredi,jeudi,Vendredi}",1997,Prive - individuel,{Construit et Utilise},Formation Professionnelle autre,{WCs},Non,POINT (1.1487944670604306 8.981980059971402)
_mview_formationtech_etablissements_formation_technique.fid-7b1c8a4a_1943c5e84ca_7fa8,Kara,Kozah,Kozah 1,Commune De Kara,Chaminade,Institut Dioliss,"Institut Dioliss, Lama","{Lundi,Mardi,Mercredi,jeudi,Vendredi,Samedi}",2019,Prive - individuel,{Construit et Utilise},Formation Professionnelle autre,{WCs},Non,POINT (1.1915593401906541 9.559828692156849)
_mview_formationtech_etablissements_formation_technique.fid-7b1c8a4a_1943c5e84ca_7fa9,Savanes,Oti,Oti 2,Galangashie,Barkaossi,Institut de Formation en Alternance pour le Développement (IFAD) - Élevage,BP:550 barkoassi-oti,"{Lundi,Mardi,Mercredi,Vendredi,jeudi}",2021,Domaine public de l'Etat ou des collectivites territoriales,{Construit et Utilise},Formation profesionnelle autre,N/a,Oui,POINT (0.3158769835961852 10.529973098922216)
_mview_formationtech_etablissements_formation_technique.fid-7b1c8a4a_1943c5e84ca_7faa,Maritime,Golfe,Golfe 3,Bè-Ouest,Doumassesde,Institut Technique des etudes Professionnelles,"Institu Technique des etudes Professionnelles, Be Ouest","{Lundi,Mardi,Mercredi,jeudi,Vendredi,Samedi}",2006,Prive - entreprise,{Construit et Utilise},Formation Professionnelle autre,"{WCs,Latrines a eau}",Non,POINT (1.2182067076723546 6.159363152551313)
_mview_formationtech_etablissements_formation_technique.fid-7b1c8a4a_1943c5e84ca_7fab,Maritime,Agoè-Nyivé,Agoè-Nyivé 5,Sanguera,Zopomahe,Institut Technique et Professionnel Betsaleel Lycée,BP 13086,"{Lundi,Mardi,Mercredi,jeudi,Vendredi}",2018,Prive - individuel,{Construit et Utilise},Formation Professionnelle autre,{WCs},Non,POINT (1.1364024095738319 6.236199444945271)
_mview_formationtech_etablissements_formation_technique.fid-7b1c8a4a_1943c5e84ca_7fac,Maritime,Agoè-Nyivé,Agoè-Nyivé 1,Agoè-Nyivé,Demakpoe,Institut Technique et Professionnel Carrefour des Leaders,"Quartier Agoe-démakpoe, 16BP652 Lomé-Togo","{""jeudi"",""Lundi"",""Mardi"",""Mercredi"",""Vendredi""}",2014,Prive - individuel,{Construit et Utilise},Formation profesionnelle autre,{Latrines a eau},Non,POINT (1.1992859850825506 6.245716381617446)
_mview_formationtech_etablissements_formation_technique.fid-7b1c8a4a_1943c5e84ca_7fad,Maritime,Golfe,Golfe 4,Amoutivé,Tokoin Hôpital,Institut Technique et Professionnel Georges Clemenceau,"Institut Technique et Professionnel Georges Clemenceau, Amoutive","{""jeudi"",""Lundi"",""Mardi"",""Mercredi"",""Vendredi""}",Nsp,Nsp,Nsp,Nsp,Nsp,Nsp,POINT (1.2101276515154797 6.144020802017781)
_mview_formationtech_etablissements_formation_technique.fid-7b1c8a4a_1943c5e84ca_7fae,Plateaux,Kloto,Kloto 1,Agome-Kpalime,Kpalime Kpeta,Institut Technique et Professionnel le Bon Berger,"Itp Le Bon Berger, Kpalime","{Vendredi,jeudi,Mercredi,Mardi,Lundi}",1995,Prive - individuel,{Construit et Utilise},Formation Professionnelle autre,"{Pissotieres,Latrines seches}",Oui,POINT (0.6412507855234586 6.891951064537765)
_mview_formationtech_etablissements_formation_technique.fid-7b1c8a4a_1943c5e84ca_7faf,Maritime,Golfe,Golfe 6,Baguida,Agodeke,Institut Technique la Craie,12 BP26 - Baguida,"{Lundi,Mardi,Mercredi,jeudi,Vendredi}",2020,Prive - individuel,{Construit et Utilise},Formation Professionnelle autre,{WCs},Non,POINT (1.3588209049135325 6.182219958891685)
_mview_formationtech_etablissements_formation_technique.fid-7b1c8a4a_1943c5e84ca_7fb0,Maritime,Golfe,Golfe 6,Baguida,Baguida,Institut Technique les Elites Lycée Technique,"Lycee Technique Les Elites, Baguida","{Lundi,Mardi,Mercredi,jeudi,Vendredi}",2005,Prive - individuel,{Ferme},Formation Professionnelle autre,Nsp,Non,POINT (1.3298119157329717 6.178667497759153)
_mview_formationtech_etablissements_formation_technique.fid-7b1c8a4a_1943c5e84ca_7fb1,Maritime,Agoè-Nyivé,Agoè-Nyivé 2,Légbassito,Legbassito,Institut Technique Privé Génération Obama,BP 8520,"{Lundi,Mardi,Mercredi,jeudi,Vendredi}",2010,Nsp,{Construit et Utilise},Formation Professionnelle autre,{Latrines a eau},Non,POINT (1.1566261457757354 6.267400621397014)
_mview_formationtech_etablissements_formation_technique.fid-7b1c8a4a_1943c5e84ca_7fb2,Plateaux,Kloto,Kloto 1,Agome-Kpalime,Kpalime,Institut Technique Saint Esprit de Kpalime,BP 30,"{Vendredi,jeudi,Mercredi,Mardi,Lundi}",2004,Prive - entreprise,{Construit et Utilise},Formation Professionnelle autre,"{WCs,Douches}",Oui,POINT (0.629019535343244 6.9066277595523875)
_mview_formationtech_etablissements_formation_technique.fid-7b1c8a4a_1943c5e84ca_7fb3,Maritime,Agoè-Nyivé,Agoè-Nyivé 1,Agoè-Nyivé,N/a,Jardin technique,Nsp,Nsp,Nsp,Nsp,Nsp,Nsp,N/a,Non,POINT (1.187893333333333 6.210043333333335)
_mview_formationtech_etablissements_formation_technique.fid-7b1c8a4a_1943c5e84ca_7fb4,Maritime,Golfe,Golfe 1,Bè-Est,Zone Portuaire,Lycée des Métiers du Bâtiment et de l'Industrie,BP 9060 09 - Lomé,"{Lundi,Mardi,Mercredi,jeudi,Vendredi}",2015,Domaine prive de l'etat ou des collectivites territoriales,{Construit et Utilise},Formation Professionnelle autre,"{WCs,Latrines a eau}",Non,POINT (1.2959488276911482 6.1601398741989835)
_mview_formationtech_etablissements_formation_technique.fid-7b1c8a4a_1943c5e84ca_7fb5,Maritime,Agoè-Nyivé,Agoè-Nyivé 4,Togblekope,Ahonkpe,Lycée Technique Privé Lidao,"LET Lidao, Legbassito","{Lundi,Mardi,Mercredi,jeudi,Vendredi}",2015,Prive - individuel,{En construction},Formation Professionnelle autre,{autre},Non,POINT (1.1732609166750334 6.266871110971907)
_mview_formationtech_etablissements_formation_technique.fid-7b1c8a4a_1943c5e84ca_7fb6,Maritime,Golfe,Golfe 6,Baguida,Baguida,Observatoire Panafricain Pour L'Ecole et Les Metier,12 BP 305,"{Lundi,Mardi,Mercredi,jeudi,Vendredi}",2017,Prive - individuel,{Construit et Utilise},Formation Professionnelle autre,{WCs},Non,POINT (1.3322273573505454 6.170746437956156)
_mview_formationtech_etablissements_formation_technique.fid-7b1c8a4a_1943c5e84ca_7fb7,Centrale,Tchaoudjo,Tchaoudjo 1,Sokodè (Komah),Komah,Institut Technique et Commercial Assomption,BP 69,"{Lundi,Mardi,Mercredi,jeudi,Vendredi}",1970,Nsp,{Construit et Utilise},Formation Professionnelle autre,{WCs},Oui,POINT (1.1468352922079175 8.967205397863369)
_mview_formationtech_etablissements_formation_technique.fid-7b1c8a4a_1943c5e84ca_7fb8,Centrale,Tchaoudjo,Tchaoudjo 1,Sokodè (Komah),Didaore,Institut Polytechnique la Dynamique,BP 03 Sokodé,"{Lundi,Mardi,Mercredi,jeudi,Vendredi}",2021,Prive - individuel,{En construction},Formation Professionnelle autre,Nsp,Non,POINT (1.1471349999999998 8.980603333333335)
_mview_formationtech_etablissements_formation_technique.fid-7b1c8a4a_1943c5e84ca_7fb9,Centrale,Tchaoudjo,Tchaoudjo 1,Kpangalam,Lomnava,Centre d'Information et d'Orientation Professionnelle de Sokode (CIFOP-Sokode),"Cifop Sokode, Sokode","{Lundi,Mardi,Mercredi,jeudi,Vendredi,Samedi}",2011,autre,{Construit et Utilise},Formation Professionnelle autre,{WCs},Non,POINT (1.1192868316870201 9.009573965666993)
_mview_formationtech_etablissements_formation_technique.fid-7b1c8a4a_1943c5e84ca_7fba,Centrale,Tchaoudjo,Tchaoudjo 1,Sokodè (Komah),Komah,Centre d'Enseignement Technique et Professionnel de Sokode,BP 339,"{Lundi,Mardi,Mercredi,jeudi,Vendredi}",2001,Prive - individuel,{Construit et Utilise},CAP,Nsp,Non,POINT (1.1445599999999996 8.970838333333338)
_mview_formationtech_etablissements_formation_technique.fid-7b1c8a4a_1943c5e84ca_7fbb,Centrale,Tchaoudjo,Tchaoudjo 1,Sokodè (Komah),Tchawanda,Institut Polytechnique Mandela,BP 331 Sokodé,"{Lundi,Mardi,Mercredi,jeudi,Vendredi}",2021,Prive - individuel,{Construit et Utilise},Formation Professionnelle autre,{Latrines a eau},Non,POINT (1.1316620082651503 8.98707926173109)
_mview_formationtech_etablissements_formation_technique.fid-7b1c8a4a_1943c5e84ca_7fbc,Centrale,Tchaoudjo,Tchaoudjo 1,Sokodè (Komah),Quartier Administratifs,Mediatheque de Sokode,BP 484 Sokodé,"{Lundi,Mardi,Mercredi,jeudi,Vendredi,Samedi}",2006,Prive - individuel,{Construit et Utilise},BTS,{Latrines a eau},Non,POINT (1.1387333333333336 8.981995000000001)
_mview_formationtech_etablissements_formation_technique.fid-7b1c8a4a_1943c5e84ca_7fbd,Maritime,Agoè-Nyivé,Agoè-Nyivé 1,Agoè-Nyivé,Assiyeye,Institut Technique d'Enseignement Commercial Kouvahey - Agoe (ITEC-K Agoe),BP 13514,"{Lundi,Mardi,Mercredi,jeudi,Vendredi}",2002,Nsp,{Construit et Utilise},Formation Professionnelle autre,{Latrines a eau},Non,POINT (1.19967990537648 6.233929347883608)
_mview_formationtech_etablissements_formation_technique.fid-7b1c8a4a_1943c5e84ca_7fbe,Centrale,Tchaoudjo,Tchaoudjo 1,Sokodè (Komah),Tchawanda,Institut Polytechnique Pythagore,300 BP 32 - Sokodé,"{Lundi,Mardi,Mercredi,jeudi,Vendredi}",2010,Prive - individuel,{En construction},Formation Professionnelle autre,{WCs},Non,POINT (1.1282746761518994 8.989769448238212)
_mview_formationtech_etablissements_formation_technique.fid-7b1c8a4a_1943c5e84ca_7fbf,Maritime,Agoè-Nyivé,Agoè-Nyivé 6,Adétikopé,N/a,Institut Technique mon Parcours,"Institut Technique Mon Parcours, Agoe Nyive 6","{Lundi,Mardi,Mercredi,jeudi,Vendredi}",2021,Prive - individuel,{Inacheve},Formation Professionnelle autre,{WCs},Oui,POINT (1.2314571805477887 6.305637730478873)
_mview_formationtech_etablissements_formation_technique.fid-7b1c8a4a_1943c5e84ca_7fc0,Centrale,Tchaoudjo,Tchaoudjo 1,Sokodè (Komah),Bariki,Lycée d'Enseignement Technique et Professionnel de Sokode,BP 56,"{Lundi,Mardi,Mercredi,jeudi,Vendredi}",1922,Foncier National - terre de l'etat Non allouee,{Construit et Utilise},Formation Professionnelle autre,"{WCs,Douches}",Oui,POINT (1.1330612492185734 8.975389466467744)
_mview_formationtech_etablissements_formation_technique.fid-7b1c8a4a_1943c5e84ca_7fc1,Centrale,Tchaoudjo,Tchaoudjo 2,Lama-Tessi,Tare,Maison Familliala de Formation Rurale de Lama Tessi,BP 268,"{Lundi,Mardi,Mercredi,jeudi,Vendredi}",2009,Prive - Collectivite coutumiere,{Construit et Utilise},Formation Professionnelle autre,{WCs},Non,POINT (1.0724123203117628 8.849648309984342)
_mview_formationtech_etablissements_formation_technique.fid-7b1c8a4a_1943c5e84ca_7fc2,Maritime,Agoè-Nyivé,Agoè-Nyivé 1,Agoè-Nyivé,Kossigan,Institut Technique le Brillant,"Institut Technique le Brillant, Agoe Nyve","{Lundi,Mardi,Mercredi,jeudi,Vendredi}",Nsp,Nsp,{Construit et Utilise},Formation Professionnelle autre,Nsp,Non,POINT (1.1869537006709552 6.233618423376539)
_mview_formationtech_etablissements_formation_technique.fid-7b1c8a4a_1943c5e84ca_7fc3,Centrale,Sotouboua,Sotouboua 1,Sotouboua,Laouwai,Institut Polytechnique Techno Plus,320 BP 32 - Sotouboua,"{Lundi,Mardi,Mercredi,jeudi,Vendredi}",2004,Prive - individuel,{Construit et Utilise},Formation Professionnelle autre,{WCs},Non,POINT (0.9833948115332448 8.566553217453633)
_mview_formationtech_etablissements_formation_technique.fid-7b1c8a4a_1943c5e84ca_7fc4,Centrale,Sotouboua,Sotouboua 1,Sotouboua,Sotouboua,Centre d'Enseignement Technique (CET) Perfect,BP 12 Sotouboua,"{Lundi,Mardi,Mercredi,jeudi,Vendredi}",2009,autre,{Construit et Utilise},CAP,"{WCs,Douches}",Oui,POINT (0.9893207951227089 8.57876403423633)
_mview_formationtech_etablissements_formation_technique.fid-7b1c8a4a_1943c5e84ca_7fc5,Centrale,Sotouboua,Sotouboua 1,Sotouboua,Sotouboua,Centre de Formation Technique de Sotouboua Comienas,BP 69 Sotouboua,"{Lundi,Mardi,Mercredi,jeudi,Vendredi}",1994,Prive - entreprise,{Construit et Utilise},Formation Professionnelle autre,{WCs},Non,POINT (0.9911255492519939 8.554312795157191)
_mview_formationtech_etablissements_formation_technique.fid-7b1c8a4a_1943c5e84ca_7fc6,Centrale,Tchamba,Tchamba 1,Tchamba,Kitom,Complexe Scolaire Informatique et Technique Ya Salam,"Complexe Scolaire Info-Tech Ya Salam, Tchamba","{Lundi,jeudi,Mardi,Mercredi,Vendredi}",2017,Prive - individuel,{Construit et Utilise},CAP,"{Latrines a eau,Douches}",Non,POINT (1.4212318420319956 9.016451984830447)
_mview_formationtech_etablissements_formation_technique.fid-7b1c8a4a_1943c5e84ca_7fc7,Maritime,Agoè-Nyivé,Agoè-Nyivé 1,Agoè-Nyivé,Tellessou,Complexe Scolaire les Sages Lycée Technique,13 BP123,"{Vendredi,jeudi,Mercredi,Mardi,Lundi}",2014,Prive - individuel,{Construit et Utilise},Formation Professionnelle autre,Nsp,Non,POINT (1.1715484473285294 6.2258597326147616)
_mview_formationtech_etablissements_formation_technique.fid-7b1c8a4a_1943c5e84ca_7fc8,Plateaux,Kloto,Kloto 3,Kouma,Dunyo,CRASE de Kuma-Dunyo,BP 234 Kpalimé,"{Lundi,Mardi,Mercredi,jeudi,Vendredi}",1978,Domaine public de l'etat ou des collectivites territoriales,{Construit et Utilise},Formation Professionnelle autre,Nsp,Non,POINT (0.5921441455391109 6.980541988611658)
_mview_formationtech_etablissements_formation_technique.fid-7b1c8a4a_1943c5e84ca_7fc9,Centrale,Tchamba,Tchamba 1,Tchamba,Medina,Centre de Formation Technique et Professionnelle de Tchamba,"Centre de Formation Technique et Professionnelle de Tchamba, Tchamba","{Lundi,Mardi,Mercredi,jeudi,Vendredi}",1999,Domaine public de l'etat ou des collectivites territoriales,{Construit et Utilise},Formation Professionnelle autre,"{WCs,Latrines a eau,Douches}",Oui,POINT (1.4159050000000002 9.002595000000001)
_mview_formationtech_etablissements_formation_technique.fid-7b1c8a4a_1943c5e84ca_7fca,Maritime,Agoè-Nyivé,Agoè-Nyivé 6,Adétikopé,Adetikope Centre,Institut de Formation HTIB Atlantis,"Institut de Formation Htib Atlantis, Adetikope","{Lundi,Mardi,Mercredi,jeudi,Vendredi}",2012,Prive - individuel,{Inacheve},CAP,{WCs},Non,POINT (1.222898393633333 6.321332746484188)
_mview_formationtech_etablissements_formation_technique.fid-7b1c8a4a_1943c5e84ca_7fcb,Centrale,Blitta,Blitta 1,Blitta,Dépôt,Institut de Technologie et de la Formation Professionnelle de Blitta (Itfp-Blitta),BP 18 Blitta,"{Lundi,Mardi,Mercredi,jeudi,Vendredi}",2013,Prive - individuel,{Construit et Utilise},CAP,"{WCs,Douches}",Non,POINT (0.982862014465271 8.327344265152531)
_mview_formationtech_etablissements_formation_technique.fid-7b1c8a4a_1943c5e84ca_7fcc,Centrale,Blitta,Blitta 1,Blitta,Hezouda,Centre de Formation Technique et Professionnelle de Blitta,"Cftp, Blitta Gare","{Lundi,Mardi,jeudi,Mercredi,Vendredi}",2020,Domaine public de l'etat ou des collectivites territoriales,{Construit et Utilise},CAP,"{Latrines seches,WCs}",Non,POINT (0.9906897213895501 8.315479796823015)
_mview_formationtech_etablissements_formation_technique.fid-7b1c8a4a_1943c5e84ca_7fcd,Centrale,Tchaoudjo,Tchaoudjo 1,Kpangalam,Kpangalam,Institut Technique Sainte Josephine Bakhita Lycée Technique,300 BP 62 - Sokodé,"{Vendredi,jeudi,Mercredi,Lundi,Mardi}",2000,Prive - individuel,{Construit et Utilise},Formation Professionnelle autre,{WCs},Oui,POINT (1.1296782871585234 9.009258441701826)
_mview_formationtech_etablissements_formation_technique.fid-7b1c8a4a_1943c5e84ca_7fce,Maritime,Agoè-Nyivé,Agoè-Nyivé 3,Vakpossito,Vakpossito,Complexe Scolaire le Cerveau Lycée Technique,"Cs Le Cerveau Lycee Technique, Vakpossito","{Lundi,Mardi,Mercredi,jeudi,Vendredi}",2014,Prive - individuel,{Construit et Utilise},Formation Professionnelle autre,"{Latrines seches,Pissotieres}",Non,POINT (1.1553483333333328 6.22104856719269)
_mview_formationtech_etablissements_formation_technique.fid-7b1c8a4a_1943c5e84ca_7fcf,Maritime,Golfe,Golfe 5,Aflao-Gakli,Amadahome,Complexe Scolaire Anne et Albert Lycée Technique,"Lycee Technique Anne et Albert, Aflao Sagbado","{Lundi,Mardi,Mercredi,jeudi,Vendredi}",2005,Prive - individuel,{Construit et Utilise},Formation Professionnelle autre,{WCs},Oui,POINT (1.161277941538585 6.207451714315899)
_mview_formationtech_etablissements_formation_technique.fid-7b1c8a4a_1943c5e84ca_7fd0,Maritime,Agoè-Nyivé,Agoè-Nyivé 6,Adétikopé,Adetikope,Institut Polytechnique Akakpo Ayefounin,"Institut Polytechnique Akakpo Ayefounin, Adetikope","{Lundi,Mardi,Mercredi,jeudi,Vendredi}",2018,Prive - individuel,{Inacheve},CAP,{WCs},Oui,POINT (1.243673230391456 6.31281764932409)
_mview_formationtech_etablissements_formation_technique.fid-7b1c8a4a_1943c5e84ca_7fd1,Maritime,Agoè-Nyivé,Agoè-Nyivé 1,Agoè-Nyivé,Minamadou,Institut Technique la Colombe de Dieu,"Institut Technique la Colombe de Dieu, Agoe-Nyve","{Lundi,Mardi,Mercredi,jeudi,Vendredi}",1996,Nsp,{Construit et Utilise},Formation Professionnelle autre,{Latrines seches},Non,POINT (1.1944676102948641 6.2250256237700325)
_mview_formationtech_etablissements_formation_technique.fid-7b1c8a4a_1943c5e84ca_7fd2,Maritime,Agoè-Nyivé,Agoè-Nyivé 4,Togblekope,Togble,Complexe Scolaire Evolution Lycée,"Cs Evolution Lycee, Togblekope","{Vendredi,jeudi,Mercredi,Mardi,Lundi}",2016,Prive - individuel,{Construit et Utilise},Formation Professionnelle autre,{Pissotieres},Non,POINT (1.2215240817411939 6.262172734933698)
_mview_formationtech_etablissements_formation_technique.fid-7b1c8a4a_1943c5e84ca_7fd3,Maritime,Agoè-Nyivé,Agoè-Nyivé 4,Togblekope,Lome Agoenyieve Zilidji,Complexe Scolaire Lallire Dorkenoo College Technique,"Cspl de Lallire Dorkenoo Lycee Technique, Agoenyieve","{Lundi,Mardi,Mercredi,jeudi,Vendredi}",2010,Prive - individuel,{Construit et Utilise},Formation Professionnelle autre,{Latrines seches},Non,POINT (1.1988948017629375 6.257831682593802)
_mview_formationtech_etablissements_formation_technique.fid-7b1c8a4a_1943c5e84ca_7fd4,Maritime,Agoè-Nyivé,Agoè-Nyivé 1,Agoè-Nyivé,Cleve,Institut Technique la Source,"Institut Tchnique La Source, Agoe Nyive","{Lundi,Mardi,Mercredi,jeudi,Vendredi}",2014,Prive - individuel,Nsp,Nsp,{WCs},Oui,POINT (1.1976470554450809 6.224360906279641)
_mview_formationtech_etablissements_formation_technique.fid-7b1c8a4a_1943c5e84ca_7fd5,Maritime,Golfe,Golfe 5,Aflao-Gakli,Agbalepedo,Institut Technique le Heros,"Institut Technique le Heros, Aflao_Gakli","{Lundi,Mardi,Mercredi,jeudi,Vendredi}",2005,Prive - individuel,{Construit et Utilise},Formation Professionnelle autre,{Latrines a eau},Non,POINT (1.1955282899691908 6.186114101264609)
_mview_formationtech_etablissements_formation_technique.fid-7b1c8a4a_1943c5e84ca_7fd6,Maritime,Golfe,Golfe 6,Baguida,Kpogan Azitigome,Institut d'Education Saint Esprit de Kpogan Lycée,"Cs Saint Esprit de Kpogan Lycee, Baguida","{Vendredi,jeudi,Mercredi,Mardi,Lundi}",2014,Prive - individuel,{Construit et Utilise},Nsp,Nsp,Non,POINT (1.3781616666666667 6.188823333333334)
_mview_formationtech_etablissements_formation_technique.fid-7b1c8a4a_1943c5e84ca_7fd7,Maritime,Golfe,Golfe 6,Baguida,Baguida/yovokome,Institut Martessi Lycée Technique,"Lycee Technique Institut Martessi, Baguida","{Lundi,Mardi,Mercredi,jeudi,Vendredi}",2008,Prive - individuel,{Construit et Utilise},Formation Professionnelle autre,{WCs},Non,POINT (1.3304078536572177 6.169472405522721)
_mview_formationtech_etablissements_formation_technique.fid-7b1c8a4a_1943c5e84ca_7fd8,Maritime,Golfe,Golfe 5,Aflao-Gakli,Totsi,Lycée d'Enseignement Technique Jumau ITA,"Lycee Iet Jumau Ita, Aflao Gakl","{Lundi,Mardi,Mercredi,jeudi,Vendredi}",2011,Prive - entreprise,{Construit et Utilise},Formation Professionnelle autre,{WCs},Non,POINT (1.190318134070243 6.1923923558781455)
_mview_formationtech_etablissements_formation_technique.fid-7b1c8a4a_1943c5e84ca_7fd9,Maritime,Agoè-Nyivé,Agoè-Nyivé 1,Agoè-Nyivé,Cacaveli,Institut Technique El-Rohi,"Institut Technique El-Rohi, Agoe-Nyve","{Lundi,Mardi,Mercredi,jeudi,Vendredi}",2007,Nsp,{Construit et Utilise},Formation Professionnelle autre,{WCs},Non,POINT (1.1939481077022156 6.217842822275929)
_mview_formationtech_etablissements_formation_technique.fid-7b1c8a4a_1943c5e84ca_7fda,Maritime,Agoè-Nyivé,Agoè-Nyivé 4,Togblekope,Togblekope Atchanve,Complexe Scolaire Prestige Esso Lycée,"Cs Prestige Lycee, Togblekope","{Lundi,Mardi,Mercredi,jeudi,Vendredi}",2011,Prive - individuel,"{Inacheve,En construction}",Formation Professionnelle autre,Nsp,Non,POINT (1.2098193468311587 6.279125715716909)
_mview_formationtech_etablissements_formation_technique.fid-7b1c8a4a_1943c5e84ca_7fdb,Maritime,Agoè-Nyivé,Agoè-Nyivé 4,Togblekope,Togble Zongo,Complexe Scolaire le Bon Samaritain Lycée Technique,"Lycee Technique Le Bon Samaritain, Togblekope","{Lundi,Mardi,Mercredi,jeudi,Vendredi}",Nsp,Prive - individuel,{En construction},Formation Professionnelle autre,Nsp,Non,POINT (1.19885286686416 6.268504811626918)
_mview_formationtech_etablissements_formation_technique.fid-7b1c8a4a_1943c5e84ca_7fdc,Maritime,Agoè-Nyivé,Agoè-Nyivé 4,Togblekope,Togble Zongo,Complexe Scolaire Ipr Az Haz Nour Lycée Technique,"Lycee Technique Ipr Az Haz Nour, Togblekope","{Lundi,Mardi,Mercredi,jeudi,Vendredi}",2021,Prive - individuel,Nsp,Formation Professionnelle autre,Nsp,Non,POINT (1.189309787384173 6.2671087188507055)
_mview_formationtech_etablissements_formation_technique.fid-7b1c8a4a_1943c5e84ca_7fdd,Maritime,Agoè-Nyivé,Agoè-Nyivé 1,Agoè-Nyivé,Atsanve,institut Polyvalent Laïc le Prestige du Savoir Lycée,"IPL le Prestige du Savoir Lycee, Agoe","{Lundi,Mardi,Mercredi,jeudi,Vendredi}",2018,Nsp,{En construction},CAP,"{WCs,Pissotieres}",Non,POINT (1.213021995541966 6.226906368162294)
_mview_formationtech_etablissements_formation_technique.fid-7b1c8a4a_1943c5e84ca_7fde,Maritime,Golfe,Golfe 1,Bè-Est,Gbenyedji,Complexe Scolaire BG Poussinets,"Institut Technique Bg Poussinets, gbenyedji","{Lundi,Mercredi,Mardi,jeudi,Vendredi}",2014,Prive - individuel,{Construit et Utilise},Formation profesionnelle autre,{Latrines a eau},Non,POINT (1.2553756290276121 6.147460135434001)
_mview_formationtech_etablissements_formation_technique.fid-7b1c8a4a_1943c5e84ca_7fdf,Maritime,Golfe,Golfe 1,Bè-Est,Gbenyedji,Complexe Scolaire BG Poussinets,"Institut Technique Bg Poussinets, Be","{Lundi,Mercredi,Mardi,jeudi,Vendredi}",2014,Prive - individuel,{Construit et Utilise},Formation Professionnelle autre,{Latrines a eau},Non,POINT (1.2553974000000003 6.147201309317102)
_mview_formationtech_etablissements_formation_technique.fid-7b1c8a4a_1943c5e84ca_7fe0,Maritime,Golfe,Golfe 6,Baguida,Adamavo,Institut Technique et Professionnel la Vision,"Itp La Vision, Baguida","{Vendredi,jeudi,Mercredi,Mardi,Lundi}",2019,Prive - individuel,{Construit et Utilise},Formation Professionnelle autre,{Latrines a eau},Non,POINT (1.309138761699091 6.166778086422363)
_mview_formationtech_etablissements_formation_technique.fid-7b1c8a4a_1943c5e84ca_7fe1,Maritime,Golfe,Golfe 7,Aflao-Sagbado,Yokoe Agblegan,Institut Prince Bedy,"Institut Prince Bedy, Aflao Sagbado","{Lundi,Mardi,Mercredi,jeudi,Vendredi}",1997,Prive - individuel,{En construction},Formation Professionnelle autre,{Latrines a eau},Non,POINT (1.1565100000000008 6.181451666666667)
_mview_formationtech_etablissements_formation_technique.fid-7b1c8a4a_1943c5e84ca_7fe2,Maritime,Agoè-Nyivé,Agoè-Nyivé 1,Agoè-Nyivé,Demakpoe,Complexe Scolaire Privé Payarama Lycée Technique,"Csp Payarama Lycee Technique, Agoenyieve 1","{Lundi,Mardi,Mercredi,jeudi,Vendredi}",2001,Prive - individuel,{Construit et Utilise},Nsp,{Latrines a eau},Oui,POINT (1.196181696098755 6.246787677180356)
_mview_formationtech_etablissements_formation_technique.fid-7b1c8a4a_1943c5e84ca_7fe3,Maritime,Golfe,Golfe 1,Bè-Est,Gbenyedzi,Complexe Scolaire Item Lycée Technique,"Lycee Technique Item, Be","{Lundi,Mardi,Mercredi,jeudi,Vendredi}",1992,Prive - individuel,{Construit et Utilise},Formation Professionnelle autre,{WCs},Non,POINT (1.2520536847565191 6.147534894823467)
_mview_formationtech_etablissements_formation_technique.fid-7b1c8a4a_1943c5e84ca_7fe4,Maritime,Agoè-Nyivé,Agoè-Nyivé 1,Agoè-Nyivé,Adidoadin,Collège Technique Commercial Les Elephanteaux,2489,"{Lundi,Mardi,Mercredi,jeudi,Vendredi}",1995,Prive - individuel,{Construit et Utilise},Formation Professionnelle autre,{Latrines a eau},Oui,POINT (1.1869388891621009 6.208906727180581)
_mview_formationtech_etablissements_formation_technique.fid-7b1c8a4a_1943c5e84ca_7fe5,Maritime,Golfe,Golfe 6,Baguida,Avepozo,Institut Technique Vic Intelligentia,"Cs Vic Intelligentia, Baguida","{Lundi,Mardi,Mercredi,jeudi,Vendredi}",2002,Prive - individuel,{Construit et Utilise},Formation Professionnelle autre,{WCs},Oui,POINT (1.3467259632773299 6.1703258741547256)
_mview_formationtech_etablissements_formation_technique.fid-7b1c8a4a_1943c5e84ca_7fe6,Maritime,Golfe,Golfe 6,Baguida,Olibokope,Complexe Scolaire la Puissance de Dieu Lycée Technique,"Lycee Technique Cs La Puissance de Dieu, Baguida","{Lundi,Mardi,Mercredi,jeudi,Vendredi}",2020,Prive - individuel,"{En construction,Construit et Utilise}",Formation Professionnelle autre,Nsp,Non,POINT (1.349396392935005 6.185142197085515)
_mview_formationtech_etablissements_formation_technique.fid-7b1c8a4a_1943c5e84ca_7fe7,Maritime,Golfe,Golfe 1,Bè-Est,Bekpota,Complexe Scolaire le Savoir Lycée Technique,01 BP 750,"{Lundi,Mardi,Mercredi,jeudi,Vendredi}",2000,Prive - entreprise,{Construit et Utilise},Formation Professionnelle autre,{WCs},Non,POINT (1.264609975669082 6.15989403034563)
_mview_formationtech_etablissements_formation_technique.fid-7b1c8a4a_1943c5e84ca_7fe8,Maritime,Agoè-Nyivé,Agoè-Nyivé 5,Sanguera,Zopomahe,Institut Technique et Professionnel Ebenezer Le Grand Lycée,"Itm Ebenezer le Grand Lycee, Sanguera","{Lundi,Mardi,Mercredi,jeudi,Vendredi}",2019,Prive - individuel,{Construit et Utilise},Formation Professionnelle autre,{Latrines a eau},Non,POINT (1.1373864052688005 6.228697283825817)
_mview_formationtech_etablissements_formation_technique.fid-7b1c8a4a_1943c5e84ca_7fe9,Maritime,Agoè-Nyivé,Agoè-Nyivé 1,Agoè-Nyivé,Cacaveli,Institut Polytechnique la Paix,BP 10085,"{Lundi,Mardi,Mercredi,jeudi,Vendredi}",2001,Prive - individuel,{Construit et Utilise},CAP,{WCs},Non,POINT (1.1993083633749195 6.220751618506628)
_mview_formationtech_etablissements_formation_technique.fid-7b1c8a4a_1943c5e84ca_7fea,Maritime,Agoè-Nyivé,Agoè-Nyivé 1,Agoè-Nyivé,Agoe Anome,GS Rm Annexe Lycée Technique,BP 12051,"{Lundi,Mardi,Mercredi,jeudi,Vendredi}",2018,Prive - individuel,{En construction},Formation Professionnelle autre,Nsp,Non,POINT (1.187637595574649 6.209155407150044)
_mview_formationtech_etablissements_formation_technique.fid-7b1c8a4a_1943c5e84ca_7feb,Maritime,Agoè-Nyivé,Agoè-Nyivé 1,Agoè-Nyivé,Assiyeye,Institut Polytechnique la Grace de Dieu,"IP La Grace de Diei, Agoe-Nyive","{Lundi,Mardi,Mercredi,jeudi,Vendredi}",2004,Nsp,{Construit et Utilise},Formation Professionnelle autre,{WCs},Non,POINT (1.1981151847958773 6.2307329501557)
_mview_formationtech_etablissements_formation_technique.fid-7b1c8a4a_1943c5e84ca_7fec,Maritime,Golfe,Golfe 1,Bè-Est,Lome Kagnikope,Complexe Scolaire Baptiste de Kagnikope Lycée Technique,09 BP9034 - Lomé,"{Lundi,Mardi,Mercredi,jeudi,Vendredi}",2016,Prive - entreprise,{Construit et Utilise},Formation Professionnelle autre,{Latrines a eau},Non,POINT (1.2953909502047685 6.172786419363798)
_mview_formationtech_etablissements_formation_technique.fid-7b1c8a4a_1943c5e84ca_7fed,Maritime,Golfe,Golfe 7,Aflao-Sagbado,Akato,Complexe Scolaire Nouvelle Ecole des Elites Amewouho Lycée,"Cs Nouvelle Ecole des Elites Amewouho Lycée, Aflao Sagbado","{Lundi,Mardi,Mercredi,jeudi,Vendredi}",2018,Prive - individuel,{Construit et Utilise},Formation Professionnelle autre,Nsp,Non,POINT (1.0998144912944319 6.1882902884732784)
_mview_formationtech_etablissements_formation_technique.fid-7b1c8a4a_1943c5e84ca_7fee,Maritime,Golfe,Golfe 4,Amoutivé,Adawalato,College Notre Dame du Sacré Coeur Lycée Technique,BP 511,"{Lundi,Mardi,Mercredi,jeudi,Vendredi}",2002,autre,{Construit et Utilise},Formation Professionnelle autre,"{Latrines a eau,Douches}",Oui,POINT (1.2298486720172994 6.127274311070356)
_mview_formationtech_etablissements_formation_technique.fid-7b1c8a4a_1943c5e84ca_7fef,Maritime,Agoè-Nyivé,Agoè-Nyivé 5,Sanguera,Kohe,Complexe Scolaire le Savoir de Kohe Lycée,"Cs Le Savoir de Kohe Lycee, Sanguera","{Vendredi,jeudi,Mercredi,Mardi,Lundi}",2016,Prive - individuel,{Construit et Utilise},Formation Professionnelle autre,Nsp,Non,POINT (1.142964015702884 6.221895984191705)
_mview_formationtech_etablissements_formation_technique.fid-7b1c8a4a_1943c5e84ca_7ff0,Maritime,Golfe,Golfe 4,Amoutivé,Nyekonakpoe,Institut Polytechnique de Batiment et des Travaux Publics(IPBTP),BP 60625,"{Lundi,Mardi,Mercredi,jeudi,Vendredi}",2001,Prive - individuel,{En construction},Formation Professionnelle autre,{WCs},Non,POINT (1.2096916666666666 6.134446666666665)
_mview_formationtech_etablissements_formation_technique.fid-7b1c8a4a_1943c5e84ca_7ff1,Maritime,Golfe,Golfe 7,Aflao-Sagbado,Segbe-douane,Institut Technique Saint Joseph de Segbe,01 BP 227,"{Mardi,Mercredi,Lundi,jeudi,Vendredi}",2019,Prive - individuel,{En construction},Formation Professionnelle autre,{Latrines a eau},Non,POINT (1.1130524321381419 6.194329723632431)
_mview_formationtech_etablissements_formation_technique.fid-7b1c8a4a_1943c5e84ca_7ff2,Maritime,Golfe,Golfe 1,Bè-Est,Ablogame,Institut Technique et Commercial La Mémoire,"Lycee Technique La Memoire, Be","{Lundi,Mardi,Mercredi,jeudi,Vendredi}",2004,Prive - individuel,{Construit et Utilise},Formation Professionnelle autre,{WCs},Non,POINT (1.2626529980653591 6.143974660681774)
_mview_formationtech_etablissements_formation_technique.fid-7b1c8a4a_1943c5e84ca_7ff3,Maritime,Golfe,Golfe 2,Bè-Centre,Novissi,Institut Technique Nouvelle Generation,"Boulevard Jean Paul ll, Novissi","{Lundi,Mardi,Mercredi,jeudi,Vendredi}",2003,Prive - entreprise,{Construit et Utilise},Formation Professionnelle autre,{WCs},Oui,POINT (1.2346699398124126 6.1730909596977455)
_mview_formationtech_etablissements_formation_technique.fid-7b1c8a4a_1943c5e84ca_7ff4,Maritime,Golfe,Golfe 3,Bè-Ouest,Dogbeavou,Institut Technique Notre Dame de l'Eglise (INTDE),BP 8019,"{Lundi,Mardi,Mercredi,jeudi,Vendredi}",1971,autre,{Construit et Utilise},Formation Professionnelle autre,{WCs},Oui,POINT (1.210534431666232 6.1493679752377695)
_mview_formationtech_etablissements_formation_technique.fid-7b1c8a4a_1943c5e84ca_7ff5,Maritime,Golfe,Golfe 7,Aflao-Sagbado,Ablogome,Complexe Scolaire la Maitrise Lycée Technique,BP 3618,"{Lundi,Mardi,Mercredi,jeudi,Vendredi}",1998,Prive - individuel,{Construit et Utilise},Formation Professionnelle autre,Nsp,Non,POINT (1.1601616568998387 6.185269816616314)
_mview_formationtech_etablissements_formation_technique.fid-7b1c8a4a_1943c5e84ca_7ff6,Maritime,Golfe,Golfe 4,Amoutivé,Tokoin Hôpital,Institut d'Enseignement Technique et Informatique (ISETI),"(ESETI) Institut de L'Enseignement Technique et Imformatique, Amoutieve","{Lundi,Mardi,Mercredi,jeudi,Vendredi}",2005,Prive - individuel,{Construit et Utilise},CAP,{WCs},Non,POINT (1.2112823610344698 6.1403108717958865)
_mview_formationtech_etablissements_formation_technique.fid-7b1c8a4a_1943c5e84ca_7ff7,Maritime,Golfe,Golfe 7,Aflao-Sagbado,Sagbado,Institut Technique Amitié Concorde,BP 8292,"{Lundi,Mardi,Mercredi,jeudi,Vendredi}",2010,Prive - entreprise,{Construit et Utilise},Formation Professionnelle autre,{Latrines a eau},Non,POINT (1.1401726536120638 6.194521016266845)
_mview_formationtech_etablissements_formation_technique.fid-7b1c8a4a_1943c5e84ca_7ff8,Kara,Kozah,Kozah 1,Commune De Kara,Kara Sud,Ecole Hotel Alcor Mira,"Alcor Mira, Lama","{Lundi,Mardi,Mercredi,jeudi,Vendredi}",2013,Nsp,{Construit et Utilise},CAP,{Latrines a eau},Non,POINT (1.1954648745818757 9.540136203731798)
_mview_formationtech_etablissements_formation_technique.fid-7b1c8a4a_1943c5e84ca_7ff9,Maritime,Golfe,Golfe 4,Amoutivé,Tokoin N'tifafa Kome,Institut Technique Saint Joseph de Lome,"Institut Technique Saint Joseph de Lome, Be","{Lundi,Mardi,Mercredi,jeudi,Vendredi}",2002,autre,{Construit et Utilise},Formation Professionnelle autre,{Latrines a eau},Oui,POINT (1.2325827558770828 6.148214322915355)
_mview_formationtech_etablissements_formation_technique.fid-7b1c8a4a_1943c5e84ca_7ffa,Maritime,Agoè-Nyivé,Agoè-Nyivé 1,Agoè-Nyivé,Kove,institut Polyvalent Laïc les Dinosaures Annexe,"IPL les Dinosaures Annexe, Legbassito","{Lundi,Mardi,Mercredi,jeudi,Vendredi}",2014,Nsp,{Construit et Utilise},Formation Professionnelle autre,{Latrines a eau},Non,POINT (1.1652695258682921 6.24392429062836)
_mview_formationtech_etablissements_formation_technique.fid-7b1c8a4a_1943c5e84ca_7ffb,Maritime,Agoè-Nyivé,Agoè-Nyivé 5,Sanguera,Zopomahe,Institut Technique Privee Laique les Victorieux,23 BP 123 - Lomé,"{jeudi,Vendredi,Samedi,Dimanche,Mercredi,Mardi,Lundi}",2014,Prive - entreprise,{Construit et Utilise},Formation Professionnelle autre,{WCs},Non,POINT (1.1321273746394713 6.233744141874236)
_mview_formationtech_etablissements_formation_technique.fid-7b1c8a4a_1943c5e84ca_7ffc,Maritime,Golfe,Golfe 1,Bè-Est,Kegue,Institut Technique Dino Golo,BP 10295,"{Lundi,Mardi,Mercredi,jeudi,Vendredi}",2008,Prive - entreprise,{Construit et Utilise},Formation Professionnelle autre,"{Latrines a eau,Pissotieres}",Non,POINT (1.2379210055906513 6.208446348535124)
_mview_formationtech_etablissements_formation_technique.fid-7b1c8a4a_1943c5e84ca_7ffd,Maritime,Golfe,Golfe 7,Aflao-Sagbado,Sagbado Agotime,Institut Technique le Semeur Divin Sagbado,"Formation Technique le Semeur Divin Sagbado, Sagbado","{Lundi,Mardi,Mercredi,jeudi,Vendredi}",2017,Prive - individuel,{Construit et Utilise},Formation Professionnelle autre,{Latrines a eau},Non,POINT (1.1362561265871585 6.1800796863949286)
_mview_formationtech_etablissements_formation_technique.fid-7b1c8a4a_1943c5e84ca_7ffe,Maritime,Golfe,Golfe 1,Bè-Est,Kanyikope,College Technique le Revelateur des Talents Lycée,BP 2928,"{Lundi,Mardi,Mercredi,jeudi}",2006,Prive - individuel,{Construit et Utilise},Formation Professionnelle autre,{Latrines a eau},Non,POINT (1.2962235827782578 6.164833353509746)
_mview_formationtech_etablissements_formation_technique.fid-7b1c8a4a_1943cbfe119_-8000,Maritime,Agoè-Nyivé,Agoè-Nyivé 5,Sanguera,Atikankope,Complexe Scolaire les Lumieres,"Cs Les Lumieres, Sanguera","{Lundi,Mardi,Mercredi,jeudi,Vendredi}",2015,Nsp,{Construit et Utilise},Formation Professionnelle autre,Nsp,Non,POINT (1.1232316593856786 6.229757385123483)
_mview_formationtech_etablissements_formation_technique.fid-7b1c8a4a_1943cbfe119_-7fff,Maritime,Agoè-Nyivé,Agoè-Nyivé 1,Agoè-Nyivé,Sogbossito,Lycée Technique La Clemence Divine,"Glycee Technique la Clemence Divine, Agoe Nyive","{Lundi,Mardi,Mercredi,jeudi,Vendredi}",2005,Prive - individuel,{Construit et Utilise},CAP,{WCs},Non,POINT (1.178882862508754 6.2416004925752)
_mview_formationtech_etablissements_formation_technique.fid-7b1c8a4a_1943cbfe119_-7ffe,Maritime,Golfe,Golfe 7,Aflao-Sagbado,Apedokoe,Institut Polytechnique du Golfe,"Institut Polytechnique du Golfe, Aflao Sagbado","{Vendredi,jeudi,Mercredi,Mardi,Lundi}",2005,Prive - individuel,{Construit et Utilise},Formation Professionnelle autre,{WCs},Non,POINT (1.1456253763531616 6.202656359808167)
_mview_formationtech_etablissements_formation_technique.fid-7b1c8a4a_1943cbfe119_-7ffd,Maritime,Golfe,Golfe 2,Bè-Centre,Hedzranavoe,Institut Technique le Reveil D'Or,"Institut Technique le Reveil D'Or, Amoutieve","{Lundi,Mardi,Mercredi,jeudi,Vendredi}",2003,Prive - individuel,{Construit et Utilise},CAP,{WCs},Non,POINT (1.2475486405888374 6.198307627343856)
_mview_formationtech_etablissements_formation_technique.fid-7b1c8a4a_1943cbfe119_-7ffc,Maritime,Golfe,Golfe 3,Bè-Ouest,Lome Forever,Centre de Formation Professionnelle Hotelière Ancilla,555 avenue des kondona,"{Lundi,Mardi,Mercredi,jeudi,Vendredi}",1999,autre,{Construit et Utilise},Formation Professionnelle autre,"{WCs,Latrines a eau,Douches}",Non,POINT (1.2309247104495866 6.161124128853013)
_mview_formationtech_etablissements_formation_technique.fid-7b1c8a4a_1943cbfe119_-7ffb,Maritime,Golfe,Golfe 1,Bè-Est,Kpota,IETFPg la Plenitude Lycée,11 BP 238,"{Lundi,Mardi,Mercredi,jeudi,Vendredi}",2012,Prive - individuel,{Construit et Utilise},Formation Professionnelle autre,{Latrines a eau},Non,POINT (1.2564230133171577 6.159679000120811)
_mview_formationtech_etablissements_formation_technique.fid-7b1c8a4a_1943cbfe119_-7ffa,Maritime,Golfe,Golfe 2,Bè-Centre,Attiegou,Institut Technique Nouvelle Vision,"It Nouvelle Vision, Be-Centre","{Lundi,Mardi,Mercredi,jeudi,Vendredi}",2010,Prive - individuel,{En construction},Formation Professionnelle autre,Nsp,Non,POINT (1.258400173990558 6.20080959265813)
_mview_formationtech_etablissements_formation_technique.fid-7b1c8a4a_1943cbfe119_-7ff9,Maritime,Golfe,Golfe 2,Bè-Centre,Kegue,Nouvelle Institution de Comptabilité Africaine (Nica),BP 2123,"{Lundi,Mardi,Mercredi,jeudi,Vendredi}",2000,Prive - individuel,{Construit et Utilise},Formation Professionnelle autre,{WCs},Non,POINT (1.2426197317565488 6.201332793347559)
_mview_formationtech_etablissements_formation_technique.fid-7b1c8a4a_1943cbfe119_-7ff8,Maritime,Golfe,Golfe 2,Bè-Centre,Attiègou,Lycée d'Enseignement Technique et Professionnel d'Attiegou,"LETP Attiegou, Be","{Lundi,Mardi,Mercredi,jeudi,Vendredi}",2007,Domaine public de l'etat ou des collectivites territoriales,{Construit et Utilise},Formation Professionnelle autre,{Latrines a eau},Oui,POINT (1.2588440143612523 6.19658276225689)
_mview_formationtech_etablissements_formation_technique.fid-7b1c8a4a_1943cbfe119_-7ff7,Maritime,Golfe,Golfe 5,Aflao-Gakli,Adidogome,Centre d'Etudes et de Formation Professionnelles (CEFOP) Asa,BP 7838,"{Lundi,Mardi,Mercredi,jeudi,Vendredi}",1996,Prive - individuel,{Construit et Utilise},Formation Professionnelle autre,Nsp,Nsp,POINT (1.1678811957014386 6.191622501696184)
_mview_formationtech_etablissements_formation_technique.fid-7b1c8a4a_1943cbfe119_-7ff6,Maritime,Agoè-Nyivé,Agoè-Nyivé 2,Légbassito,Madikpeto,institut Polyvalent Laïc les Dinosaures,"IPL les Dinosaures, Legbassito","{Lundi,Mardi,Mercredi,jeudi,Vendredi}",2020,Prive - individuel,{Construit et Utilise},Formation Professionnelle autre,{WCs},Non,POINT (1.1401896687546131 6.263683607776947)
_mview_formationtech_etablissements_formation_technique.fid-7b1c8a4a_1943cbfe119_-7ff5,Maritime,Golfe,Golfe 1,Bè-Est,Akodessewa,Centre d'Apprentissage Maria - Auxilliadora,BP 304 Bé,"{Lundi,Mardi,Mercredi,jeudi,Vendredi}",1989,Prive - individuel,{Construit et Utilise},CAP,{WCs},Oui,POINT (1.2674356609017046 6.147806849617014)
_mview_formationtech_etablissements_formation_technique.fid-7b1c8a4a_1943cbfe119_-7ff4,Maritime,Golfe,Golfe 1,Bè-Est,Ablogame ( Requins Place N 1),USTI Lomé,BP 3596,"{Lundi,Mardi,Mercredi,jeudi,Vendredi}",2000,Prive - individuel,{Inacheve},CAP,{WCs},Non,POINT (1.2587313342773665 6.141353337050141)
_mview_formationtech_etablissements_formation_technique.fid-7b1c8a4a_1943cbfe119_-7ff3,Maritime,Golfe,Golfe 1,Bè-Est,Agoe Nyvie,Institut Technique et Commercial Sainte Monique,16 BP344,"{Lundi,Mardi,Mercredi,jeudi,Vendredi}",2006,Prive - individuel,{Construit et Utilise},Formation Professionnelle autre,{Latrines a eau},Non,POINT (1.2379116666666663 6.212906743362116)
_mview_formationtech_etablissements_formation_technique.fid-7b1c8a4a_1943cbfe119_-7ff2,Maritime,Golfe,Golfe 5,Aflao-Gakli,Adidogome,Lycée d'Enseignement Technique et Professionnel de Lome,BP 1337 Lomé,"{Lundi,Mardi,Mercredi,jeudi,Vendredi}",1977,Domaine public de l'etat ou des collectivites territoriales,{Construit et Utilise},Formation Professionnelle autre,{Latrines a eau},Oui,POINT (1.161554217107063 6.1913455411761)
_mview_formationtech_etablissements_formation_technique.fid-7b1c8a4a_1943cbfe119_-7ff1,Maritime,Golfe,Golfe 2,Bè-Centre,Attiegou,Institut Technique Jesus le Bon Berger,"It Jesus le Bon Berger, Be-Centre","{Lundi,Mardi,Mercredi,jeudi,Vendredi}",Nsp,Prive - individuel,{Construit et Utilise},Formation Professionnelle autre,Nsp,Non,POINT (1.2645836293942383 6.197907860578614)
_mview_formationtech_etablissements_formation_technique.fid-7b1c8a4a_1943cbfe119_-7ff0,Maritime,Golfe,Golfe 1,Bè-Est,Attiegou,Institut Agla etoile du Matin Lycée Technique,"Institut Agla etoile du Matin Lycee Technique, Be","{Lundi,Mardi,Mercredi,jeudi,Vendredi}",2018,Prive - individuel,{Construit et Utilise},Formation Professionnelle autre,Nsp,Oui,POINT (1.273281037371682 6.17877995618378)
_mview_formationtech_etablissements_formation_technique.fid-7b1c8a4a_1943cbfe119_-7fef,Maritime,Golfe,Golfe 1,Bè-Est,Attiegou,Complexe Scolaire Edison Lycée Technique,"Cs Edison Lycee Technique, Be","{Lundi,Mardi,Mercredi,jeudi,Vendredi}",2012,Prive - individuel,{Construit et Utilise},Formation Professionnelle autre,{Latrines a eau},Non,POINT (1.2724150568321022 6.178967263345439)
_mview_formationtech_etablissements_formation_technique.fid-7b1c8a4a_1943cbfe119_-7fee,Maritime,Golfe,Golfe 1,Bè-Est,Kegue,Institut Technique Blessing,"It Blessing, Agoe Nyvie","{Lundi,Mardi,Mercredi,jeudi,Vendredi}",2016,Prive - individuel,{En construction},BTS,{Latrines a eau},Non,POINT (1.24114417179209 6.220359322419128)
_mview_formationtech_etablissements_formation_technique.fid-7b1c8a4a_1943cbfe119_-7fed,Maritime,Golfe,Golfe 7,Aflao-Sagbado,Segbe Zanvi,Institut Technique la Grande Royale Lycée,"It la Grande Royale Lycee, Aflao Sagbado","{Lundi,Mardi,Mercredi,jeudi,Vendredi}",2013,Prive - individuel,{Construit et Utilise},Formation Professionnelle autre,"{WCs,Latrines a eau}",Non,POINT (1.1207333220785816 6.197521780922631)
_mview_formationtech_etablissements_formation_technique.fid-7b1c8a4a_1943cbfe119_-7fec,Maritime,Golfe,Golfe 1,Bè-Est,Kpota,Institut Technique et Commercial Amou Fred Lycée,"Itec Amou-Fred Lycee, Be","{Lundi,Mardi,Mercredi,jeudi,Vendredi}",2016,Prive - individuel,{Construit et Utilise},Formation Professionnelle autre,{WCs},Non,POINT (1.261605005996565 6.164817180783547)
_mview_formationtech_etablissements_formation_technique.fid-7b1c8a4a_1943cbfe119_-7feb,Maritime,Golfe,Golfe 4,Amoutivé,Casablanca,Centre d'Etudes Techniques et Commerciales (CETEC),01 BP 2390,"{Lundi,Mardi,Mercredi,jeudi,Vendredi}",1971,Prive - individuel,{Construit et Utilise},Formation Professionnelle autre,"{WCs,Douches}",Non,POINT (1.2000345449261127 6.154880233052323)
_mview_formationtech_etablissements_formation_technique.fid-7b1c8a4a_1943cbfe119_-7fea,Maritime,Golfe,Golfe 2,Bè-Centre,Nukafui,Institut des Sciences Commerciales,BP 1405,"{Lundi,Mardi,Mercredi,jeudi,Vendredi}",1977,Prive - individuel,{Construit et Utilise},Formation Professionnelle autre,{Latrines a eau},Non,POINT (1.2411883333333336 6.153980000000001)
_mview_formationtech_etablissements_formation_technique.fid-7b1c8a4a_1943cbfe119_-7fe9,Maritime,Golfe,Golfe 1,Bè-Est,Be-sousanedime,Centre de Formation Academique et Professionnelle,06 BP 62419,"{Lundi,Mardi,Mercredi,jeudi,Vendredi}",2011,Prive - individuel,{Construit et Utilise},Formation Professionnelle autre,{Latrines a eau},Non,POINT (1.2458033333333336 6.13949)
_mview_formationtech_etablissements_formation_technique.fid-7b1c8a4a_1943cbfe119_-7fe8,Maritime,Golfe,Golfe 5,Aflao-Gakli,Adidogome,Institut Supérieur le Technocrate,04 BP94,"{Lundi,Mardi,Mercredi,jeudi,Vendredi}",1992,Prive - individuel,{Construit et Utilise},Formation Professionnelle autre,{Latrines a eau},Non,POINT (1.170868587524907 6.183629411880674)
_mview_formationtech_etablissements_formation_technique.fid-7b1c8a4a_1943cbfe119_-7fe7,Maritime,Golfe,Golfe 3,Bè-Ouest,N/a,Institut Technique et Commercial Saint Sauveur,"Institut Technique Commerciale Saint Sauveur, Amoutive","{""jeudi"",""Lundi"",""Mardi"",""Mercredi"",""Vendredi""}",Nsp,N/a,Nsp,Nsp,Nsp,Nsp,POINT (1.2044954373456291 6.159093441247918)
_mview_formationtech_etablissements_formation_technique.fid-7b1c8a4a_1943cbfe119_-7fe6,Maritime,Golfe,Golfe 1,Bè-Est,Adakpame Dabada Condji,Complexe Scolaire Item Adakpame Lycée Technique,"Cs Item Adakpame Lycee Technique, Be","{Lundi,Mardi,Mercredi,jeudi,Vendredi}",2008,Prive - individuel,{Construit et Utilise},Formation Professionnelle autre,{WCs},Non,POINT (1.280712450307813 6.1778796247680425)
_mview_formationtech_etablissements_formation_technique.fid-7b1c8a4a_1943cbfe119_-7fe5,Maritime,Golfe,Golfe 6,Baguida,Adamavo,Complexe Scolaire Eureka Adamavo Lycée Technique,BP 60582,"{Lundi,Mardi,Mercredi,jeudi,Vendredi}",2001,Prive - individuel,{Construit et Utilise},Formation Professionnelle autre,{Latrines a eau},Non,POINT (1.3097633333333332 6.177028333333334)
_mview_formationtech_etablissements_formation_technique.fid-7b1c8a4a_1943cbfe119_-7fe4,Maritime,Golfe,Golfe 7,Aflao-Sagbado,Adidogome Gblinkomegan,Centre de Formation Professionnelle ONG Amept,BP 80 207,"{Lundi,Mardi,Mercredi,jeudi,Vendredi}",1999,Domaine public de l'etat ou des collectivites territoriales,{Construit et Utilise},Formation Professionnelle autre,{Latrines seches},Non,POINT (1.1581010771785276 6.183131826645879)
_mview_formationtech_etablissements_formation_technique.fid-7b1c8a4a_1943cbfe119_-7fe3,Maritime,Golfe,Golfe 2,Bè-Centre,Hedzranawoe,Ecole Supérieure du Torousime et d'Hotellerie Stella Matutina,BP 60180,"{Lundi,Mardi,Mercredi,jeudi,Vendredi}",2005,Prive - individuel,{Construit et Utilise},Formation Professionnelle autre,{Latrines a eau},Non,POINT (1.2394988324141256 6.178306788405852)
_mview_formationtech_etablissements_formation_technique.fid-7b1c8a4a_1943cbfe119_-7fe2,Plateaux,Kpélé,Kpélé 1,Kpélé-Govié,Govie,Centre de Formation Technique et Professionnelle de Kpele Govie,"Cftp Kpele Govie, Govie","{Lundi,Mardi,Mercredi,jeudi,Vendredi}",1999,Domaine public de l'etat ou des collectivites territoriales,{Construit et Utilise},CAP,Nsp,Non,POINT (0.7358049999999996 7.153153333333336)
_mview_formationtech_etablissements_formation_technique.fid-7b1c8a4a_1943cbfe119_-7fe1,Maritime,Agoè-Nyivé,Agoè-Nyivé 1,Agoè-Nyivé,Gnamassignan,Complexe Scolaire la Croyance Lycée Technique,"Non loin du lycée de Sogbossito, Agoé Nyive","{Lundi,Mardi,Mercredi,jeudi,Vendredi}",2017,autre,{Construit et Utilise},Formation Professionnelle autre,{WCs},Non,POINT (1.1784483333333333 6.256113333333333)
_mview_formationtech_etablissements_formation_technique.fid-7b1c8a4a_1943cbfe119_-7fe0,Maritime,Agoè-Nyivé,Agoè-Nyivé 5,Sanguera,Vogome,Institut Polytechnique du Golfe Zanguera,04 BP94 - Lomé,"{Lundi,Mardi,Mercredi,jeudi,Vendredi}",2016,Prive - individuel,{Construit et Utilise},Formation Professionnelle autre,Nsp,Non,POINT (1.1095641523747954 6.231672183166394)
_mview_formationtech_etablissements_formation_technique.fid-7b1c8a4a_1943cbfe119_-7fdf,Maritime,Agoè-Nyivé,Agoè-Nyivé 1,Agoè-Nyivé,Minamadou,ONG United We Stand,"Station Minamadou 2, Agoe Assiyeye, Lomé","{Lundi,Mardi,Mercredi,jeudi,Vendredi}",2016,Prive - individuel,{Construit et Utilise},Formation Professionnelle autre,Nsp,Non,POINT (1.19207324641745 6.224618511111613)
_mview_formationtech_etablissements_formation_technique.fid-7b1c8a4a_1943cbfe119_-7fde,Maritime,Agoè-Nyivé,Agoè-Nyivé 1,Agoè-Nyivé,Logope,Centre de Formation Hôtelière du Service traiteur Agbemegno,06 BP 195 - Lomé,"{Lundi,Mardi,Mercredi,jeudi,Vendredi,Samedi,Dimanche}",2005,Prive - individuel,{Construit et Utilise},Formation Professionnelle autre,{WCs},Non,POINT (1.1792035131151182 6.230562923671664)
_mview_formationtech_etablissements_formation_technique.fid-7b1c8a4a_1943cbfe119_-7fdd,Maritime,Golfe,Golfe 7,Aflao-Sagbado,Wougome Dekpo,Institut Technique Regard Miséricordieux de Dieu,"It Regard Miséricordieux de Dieu, Aflao Sagbado","{Lundi,Mardi,Mercredi,jeudi,Vendredi}",2017,Prive - individuel,{Construit et Utilise},Formation Professionnelle autre,Nsp,Non,POINT (1.108489126344069 6.2188414674098516)
_mview_formationtech_etablissements_formation_technique.fid-7b1c8a4a_1943cbfe119_-7fdc,Maritime,Agoè-Nyivé,Agoè-Nyivé 1,Agoè-Nyivé,Demakpoe,Centre de Formation Professionnelle et Hotelière La Pigeonnette,"Cfph La Pigeonnette, Agoe Nyive","{Lundi,Mardi,Mercredi,jeudi,Vendredi}",2002,Prive - individuel,{Construit et Utilise},Formation Professionnelle autre,{WCs},Non,POINT (1.2018052725055108 6.236202717875156)
_mview_formationtech_etablissements_formation_technique.fid-7b1c8a4a_1943cbfe119_-7fdb,Maritime,Golfe,Golfe 7,Aflao-Sagbado,Wonyome,Institut Africain le Leadership,"It Africain le Leadership, Aflao Sagbado","{Lundi,Mardi,Mercredi,jeudi,Vendredi}",2006,Prive - individuel,{Construit et Utilise},BTS,{WCs},Non,POINT (1.1552410236954378 6.192488756112211)
_mview_formationtech_etablissements_formation_technique.fid-7b1c8a4a_1943cbfe119_-7fda,Maritime,Golfe,Golfe 5,Aflao-Gakli,Wessome,Institut de Formation en Alternance pour le Développement (IFAD) - Bâtiment,"IFAD Batiment, Aflao-Gakli","{Lundi,Mardi,Mercredi,jeudi,Vendredi}",2021,Domaine public de l'etat ou des collectivites territoriales,{En construction},Formation Professionnelle autre,"{WCs,autre}",Oui,POINT (1.165328944618766 6.190516738024905)
_mview_formationtech_etablissements_formation_technique.fid-7b1c8a4a_1943cbfe119_-7fd9,Maritime,Agoè-Nyivé,Agoè-Nyivé 5,Sanguera,Sanguera,IFAP Annexe,15 BP 370,"{Lundi,Mardi,Mercredi,jeudi,Vendredi}",2019,Prive - individuel,{Construit et Utilise},Formation Professionnelle autre,Nsp,Non,POINT (1.1163137335027176 6.231001599799953)
_mview_formationtech_etablissements_formation_technique.fid-7b1c8a4a_1943cbfe119_-7fd8,Maritime,Golfe,Golfe 7,Aflao-Sagbado,Adidogome,Hotel Ecole Carrington,"Hotel Ecole Carrington, Aflao-Gakli","{Lundi,Mardi,Mercredi,jeudi,Vendredi}",2007,Prive - entreprise,{Construit et Utilise},Formation Professionnelle autre,{WCs},Non,POINT (1.1639949999999994 6.181653333333332)
_mview_formationtech_etablissements_formation_technique.fid-7b1c8a4a_1943cbfe119_-7fd7,Maritime,Golfe,Golfe 2,Bè-Centre,Noukafou,Cerfer du Conseil de L Entente,"01 BP 1369 - 1704,Bd de la paix, Lomé","{Lundi,Mardi,jeudi,Mercredi,Vendredi}",1970,Domaine public de l'etat ou des collectivites territoriales,{Construit et Utilise},Formation Professionnelle autre,{Latrines a eau},Non,POINT (1.242954038676502 6.156608659544977)
_mview_formationtech_etablissements_formation_technique.fid-7b1c8a4a_1943cbfe119_-7fd6,Maritime,Golfe,Golfe 5,Aflao-Gakli,Adidogome,Hôtel École Concordia,"Hôtel École Concordia, Aflao Gakli","{Lundi,Mardi,Mercredi,jeudi,Vendredi}",Nsp,Prive - individuel,{Construit et Utilise},Formation Professionnelle autre,{WCs},Non,POINT (1.1511058741533915 6.197940876227048)
_mview_formationtech_etablissements_formation_technique.fid-7b1c8a4a_1943cbfe119_-7fd5,Maritime,Agoè-Nyivé,Agoè-Nyivé 1,Agoè-Nyivé,Avédji,Ecole de Couture Style Tahiti,"Ecole de Couture Style Tahiti, Aflao Gakli","{Lundi,Mardi,Mercredi,jeudi,Vendredi}",2016,Prive - individuel,{Construit et Utilise},Formation Professionnelle autre,"{WCs,Douches}",Non,POINT (1.1825387866008525 6.205681658848832)
_mview_formationtech_etablissements_formation_technique.fid-7b1c8a4a_1943cbfe119_-7fd4,Maritime,Golfe,Golfe 6,Baguida,Yovokomé,Patisserie la Manne Doree,"Patisserie La Manne Doree, Baguida","{Lundi,Mardi,Mercredi,jeudi,Vendredi}",2020,Prive - individuel,{En construction},Formation Professionnelle autre,Nsp,Non,POINT (1.3305142119139017 6.170967603360164)
_mview_formationtech_etablissements_formation_technique.fid-7b1c8a4a_1943cbfe119_-7fd3,Maritime,Golfe,Golfe 1,Bè-Est,Souza Netime,Hotel Ecole Avenida,"Hotel Ecole Avenida, Be-Est","{Lundi,Mardi,Mercredi,jeudi,Vendredi}",1984,Prive - entreprise,{Construit et Utilise},Formation Professionnelle autre,{WCs},Non,POINT (1.2387439311753747 6.132590518904236)
_mview_formationtech_etablissements_formation_technique.fid-7b1c8a4a_1943cbfe119_-7fd2,Maritime,Golfe,Golfe 6,Baguida,Baguida,Ecole de Couture et de Coupe Yesmaol Design,"Ecole de Coupe, de Couture et de Perfectionnement, Baguida","{Lundi,Mardi,Mercredi,jeudi,Vendredi}",2017,Prive - individuel,{Construit et Utilise},Formation Professionnelle autre,{WCs},Non,POINT (1.3335875622216393 6.170212299196357)
_mview_formationtech_etablissements_formation_technique.fid-7b1c8a4a_1943cbfe119_-7fd1,Maritime,Golfe,Golfe 4,Amoutivé,Kodjoviakope,Institut de Formation Bancaire Credo,BP 13604,"{Lundi,Mardi,Mercredi,jeudi,Vendredi,Samedi,Dimanche}",2003,Prive - individuel,{Construit et Utilise},Formation Professionnelle autre,Nsp,Non,POINT (1.2058562507167023 6.122456099842378)
_mview_formationtech_etablissements_formation_technique.fid-7b1c8a4a_1943cbfe119_-7fd0,Maritime,Golfe,Golfe 5,Aflao-Gakli,Wonyome,Complexe Scolaire la Renovation,BP 6065,"{Lundi,Mardi,Mercredi,jeudi,Vendredi}",Nsp,Prive - individuel,{Construit et Utilise},Formation Professionnelle autre,{WCs},Non,POINT (1.1597789433008565 6.190809052501053)
_mview_formationtech_etablissements_formation_technique.fid-7b1c8a4a_1943cbfe119_-7fcf,Maritime,Golfe,Golfe 2,Bè-Centre,Aéroport,ESAMOD,BP 60434,"{Lundi,Mardi,Mercredi,jeudi,Vendredi}",1993,Prive - individuel,{Construit et Utilise},Formation Professionnelle autre,{WCs},Non,POINT (1.2399104670574812 6.158453492760486)
_mview_formationtech_etablissements_formation_technique.fid-7b1c8a4a_1943cbfe119_-7fce,Maritime,Golfe,Golfe 4,Amoutivé,Tokoin,Institut de Coupe Chris de Mens,BP 7201,"{Lundi,Mardi,Mercredi,jeudi,Vendredi}",2012,Prive - individuel,{Construit et Utilise},CAP,Nsp,Non,POINT (1.2032893145536996 6.144153614499789)
_mview_formationtech_etablissements_formation_technique.fid-7b1c8a4a_1943cbfe119_-7fcd,Maritime,Golfe,Golfe 6,Baguida,Baguida,Centre d'Apprentissage Sainte Marguerite (CASM),01 BP 3481 - Lomé,"{Lundi,Mardi,Mercredi,jeudi,Vendredi}",2000,Prive - individuel,{Construit et Utilise},Formation Professionnelle autre,"{WCs,Douches}",Non,POINT (1.3262099999999997 6.177616666666668)
_mview_formationtech_etablissements_formation_technique.fid-7b1c8a4a_1943cbfe119_-7fcc,Maritime,Agoè-Nyivé,Agoè-Nyivé 1,Agoè-Nyivé,Cacaveli,Hôtel-Ecole la Savoureuse,BP 31028,"{Lundi,Mardi,Mercredi,Vendredi,jeudi}",2013,Prive - individuel,{Construit et Utilise},Formation Professionnelle autre,{WCs},Non,POINT (1.2082238586541718 6.213808929659525)
_mview_formationtech_etablissements_formation_technique.fid-7b1c8a4a_1943cbfe119_-7fcb,Maritime,Golfe,Golfe 5,Aflao-Gakli,Didjole,Ecole Supérieure des Etudes Cinématographiques (ESEC),BP 326 Lomé,"{Lundi,Mardi,Mercredi,jeudi,Vendredi}",2006,autre,{Construit et Utilise},Formation Professionnelle autre,{WCs},Non,POINT (1.1950401914369846 6.18234853122998)
_mview_formationtech_etablissements_formation_technique.fid-7b1c8a4a_1943cbfe119_-7fca,Maritime,Golfe,Golfe 5,Aflao-Gakli,Soviepe,Centre International de Formation Technique,"Centre International de Formation Technique, Aflao Gakli","{Lundi,Mardi,Mercredi,jeudi,Vendredi,Samedi}",1990,autre,{Construit et Utilise},Formation Professionnelle autre,"{WCs,Douches}",Non,POINT (1.1807320725520838 6.177118514580362)
_mview_formationtech_etablissements_formation_technique.fid-7b1c8a4a_1943cbfe119_-7fc9,Kara,Assoli,Assoli 1,Bafilo,Bafil Wawande,Institut Polytechnique D'Assoli,"Institut Polytechnique d'Assoli, Bafilo","{Lundi,Mardi,Mercredi,jeudi,Vendredi}",2020,Prive - individuel,{Inacheve},Formation Professionnelle autre,{Latrines seches},Oui,POINT (1.2479349999999996 9.356166666666667)
_mview_formationtech_etablissements_formation_technique.fid-7b1c8a4a_1943cbfe119_-7fc8,Maritime,Agoè-Nyivé,Agoè-Nyivé 1,Agoè-Nyivé,Agoe -logope,Institut de Formation Technologique le Conquerant,BP 89 - Lomé,"{Lundi,Mardi,Mercredi,jeudi,Vendredi}",2014,autre,{Construit et Utilise},Formation Professionnelle autre,{Latrines seches},Non,POINT (1.1710650000000007 6.234303333333335)
_mview_formationtech_etablissements_formation_technique.fid-7b1c8a4a_1943cbfe119_-7fc7,Maritime,Agoè-Nyivé,Agoè-Nyivé 1,Agoè-Nyivé,Agoe Nyive Demakpoe,Institut Superieur de Technologie et de Management,13 BP 396,"{Lundi,Mardi,Mercredi,jeudi,Vendredi}",2011,Prive - individuel,{Construit et Utilise},Formation Professionnelle autre,"{WCs,Douches}",Non,POINT (1.197931475373286 6.2364927772519225)
_mview_formationtech_etablissements_formation_technique.fid-7b1c8a4a_1943cbfe119_-7fc6,Kara,Bassar,Bassar 1,Bassar,Nangbani,Centre de Formation Technique et Professionnelle de Bassar,BP 25 Bassar,"{Lundi,Mardi,Mercredi,jeudi,Vendredi}",2011,Domaine public de l'etat ou des collectivites territoriales,{Construit et Utilise},Formation Professionnelle autre,{Latrines a eau},Oui,POINT (0.801777784093465 9.262937919801919)
_mview_formationtech_etablissements_formation_technique.fid-7b1c8a4a_1943cbfe119_-7fc5,Kara,Assoli,Assoli 1,Bafilo,Bafilo,Centre de Formation Technique et Professionnelle de Bafilo,BP 22 Bafil,"{Lundi,Mardi,Mercredi,jeudi,Vendredi}",2011,Domaine public de l'etat ou des collectivites territoriales,{Construit et Utilise},Formation Professionnelle autre,{Latrines a eau},Oui,POINT (1.235358039066281 9.365974018963687)
_mview_formationtech_etablissements_formation_technique.fid-7b1c8a4a_1943cbfe119_-7fc4,Kara,Dankpen,Dankpen 1,Guérin-Kouka,Guérin Kouka Centre,Collège d'Enseignement Technique Adam Smith CET,"Cet Adam Smith Cet, Guérin Kouka","{Lundi,Mardi,Mercredi,Vendredi,jeudi,Samedi,Dimanche}",2017,Prive - individuel,{Construit et Utilise},CAP,Nsp,Non,POINT (0.6103015337574107 9.703851798447381)
_mview_formationtech_etablissements_formation_technique.fid-7b1c8a4a_1943cbfe119_-7fc3,Kara,Dankpen,Dankpen 1,Guérin-Kouka,Latin,Collège d'Enseignement Technique Adam Smith LT,"Cet Adams Smith Lycee, Guerin Kouka","{Lundi,Mardi,jeudi,Mercredi,Samedi,Vendredi}",2017,Prive - individuel,{Construit et Utilise},CAP,Nsp,Oui,POINT (0.6100293493026355 9.703866166793334)
_mview_formationtech_etablissements_formation_technique.fid-7b1c8a4a_1943cbfe119_-7fc2,Kara,Kozah,Kozah 1,Commune De Kara,Lama Poude,Institut National de Formation et de Perfectionnement Professionnel (INFPP) - Antenne de Kara,400 BP 567,"{Lundi,Mardi,Mercredi,jeudi,Vendredi}",1978,Domaine prive de l'etat ou des collectivites territoriales,{Construit et Utilise},CAP,{WCs},Non,POINT (1.1703116666666666 9.581883333333334)
_mview_formationtech_etablissements_formation_technique.fid-7b1c8a4a_1943cbfe119_-7fc1,Kara,Bassar,Bassar 4,Sanda-Kagbanda,Agbadibiyo,Centre de Formation Technique et Professionnelle de Sanda Kagbanda,"Cftp de Sanda Kagbanda, Sanda Kagbanda","{Lundi,Mardi,Mercredi,jeudi,Vendredi}",2015,Domaine public de l'etat ou des collectivites territoriales,{Construit et Utilise},CAP,Nsp,Oui,POINT (0.9138924506908376 9.490323838768997)
_mview_formationtech_etablissements_formation_technique.fid-7b1c8a4a_1943cbfe119_-7fc0,Kara,Bassar,Bassar 1,Bassar,Wadande,Centre d'Information et d'Orientation Professionnelle de Bassar,"Lycee Technique Cifop Bassar, Bassar","{Lundi,Mardi,Mercredi,jeudi,Vendredi}",2015,Prive - individuel,{En construction},Formation Professionnelle autre,"{Latrines a eau,Douches}",Non,POINT (0.7761902529409044 9.260639585725157)
_mview_formationtech_etablissements_formation_technique.fid-7b1c8a4a_1943cbfe119_-7fbf,Kara,Kéran,Kéran 1,Kantè,Kante Saar,College d'Enseignement Technique de Kande,Kante,"{Lundi,Mardi,Mercredi,jeudi,Vendredi}",1976,Domaine public de l'etat ou des collectivites territoriales,{Construit et Utilise},CAP,"{WCs,Douches}",Non,POINT (1.0428103810843552 9.947731508226642)
_mview_formationtech_etablissements_formation_technique.fid-7b1c8a4a_1943cbfe119_-7fbe,Kara,Kozah,Kozah 1,Commune De Kara,Leota,IPVS Kara,"IPVS-Kara, Lama","{Lundi,Mardi,Mercredi,jeudi,Vendredi}",2018,Prive - individuel,{En construction},Formation Professionnelle autre,"{Latrines seches,Douches}",Non,POINT (1.1967693964021735 9.560944202188374)
_mview_formationtech_etablissements_formation_technique.fid-7b1c8a4a_1943cbfe119_-7fbd,Kara,Kozah,Kozah 2,Pya,Towouda,College d'Enseignement Technique de Pya,BP 08,"{Lundi,Mardi,Mercredi,jeudi,Vendredi}",1975,Domaine public de l'etat ou des collectivites territoriales,{Construit et Utilise},Formation Professionnelle autre,"{Latrines a eau,WCs}",Oui,POINT (1.1584118257585931 9.669970839217955)
_mview_formationtech_etablissements_formation_technique.fid-7b1c8a4a_1943cbfe119_-7fbc,Kara,Doufelgou,Doufelgou 1,Koka,Cantambolo,Institut Polytechnique Pere Brungard,BP 87,"{Lundi,Mardi,Mercredi,jeudi,Vendredi}",1988,Prive - individuel,{Construit et Utilise},Formation Professionnelle autre,{Latrines seches},Oui,POINT (1.1243935838618964 9.78730638648647)
_mview_formationtech_etablissements_formation_technique.fid-7b1c8a4a_1943cbfe119_-7fbb,Kara,Kozah,Kozah 1,Commune De Kara,Chaminade,CFPMA,BP 788,"{Lundi,Mardi,Mercredi,Vendredi,jeudi}",2020,Prive - individuel,{En construction},Formation Professionnelle autre,{Latrines seches},Non,POINT (1.1883954412292639 9.554093725794685)
_mview_formationtech_etablissements_formation_technique.fid-7b1c8a4a_1943cbfe119_-7fba,Kara,Kozah,Kozah 1,Commune De Kara,Poude,Centre Regional d'Enseignement Technique et de Fomation Professionnelle de Kara,BP 437,"{Lundi,Mardi,Mercredi,jeudi,Vendredi}",1994,Domaine public de l'etat ou des collectivites territoriales,{Construit et Utilise},Formation Professionnelle autre,{WCs},Oui,POINT (1.172460264011498 9.580311024258672)
_mview_formationtech_etablissements_formation_technique.fid-7b1c8a4a_1943cbfe119_-7fb9,Kara,Kozah,Kozah 2,Bohou,Feilga,CFTO Yade,BP 185 Yade,"{Lundi,Mardi,Mercredi,jeudi,Vendredi}",2020,Prive - individuel,{Construit et Utilise},Formation Professionnelle autre,Nsp,Non,POINT (1.1549934683059053 9.613260829408155)
_mview_formationtech_etablissements_formation_technique.fid-7b1c8a4a_1943cbfe119_-7fb8,Kara,Kéran,Kéran 1,Kantè,Kante,Lycée d'Enseignement Technique et Professionnel de Kante,"LETP, Kande","{Lundi,Mardi,Mercredi,jeudi,Vendredi}",2007,Nsp,{Construit et Utilise},Formation Professionnelle autre,{WCs},Oui,POINT (1.0290264368254176 9.967621021792477)
_mview_formationtech_etablissements_formation_technique.fid-7b1c8a4a_1943cbfe119_-7fb7,Kara,Doufelgou,Doufelgou 1,Niamtougou,N/a,ONG Kipuke Outreach,"Kipuke Outreach, Niamtougou","{Lundi,Mardi,Mercredi,jeudi,Vendredi}",2017,Foncier National - terre de l'etat Non allouee,{Construit et Utilise},Formation Professionnelle autre,"{Latrines a eau,Douches}",Non,POINT (1.116485673650022 9.756219444636333)
_mview_formationtech_etablissements_formation_technique.fid-7b1c8a4a_1943cbfe119_-7fb6,Plateaux,Est-Mono,Est-Mono 1,Elavagnon,Amedeka,Institut Technique Jean Jacques Rousseau,"Institut Technique Jean Jacques Rousseau, Elevagnon","{Lundi,Mardi,Mercredi,jeudi,Vendredi}",2015,Prive - individuel,{En construction},Formation Professionnelle autre,Nsp,Non,POINT (1.2893066666666664 7.96092)
_mview_formationtech_etablissements_formation_technique.fid-7b1c8a4a_1943cbfe119_-7fb5,Kara,Doufelgou,Doufelgou 1,Koka,Niamtougou,Institut de Formation Agricole d'Economie Familiale et d'Administration Basante,"IFAEFA-Basante, Niamtougou","{Lundi,Mardi,Mercredi,jeudi,Vendredi}",2003,Prive - entreprise,{Construit et Utilise},Formation Professionnelle autre,"{Latrines a eau,Douches}",Non,POINT (1.118656666666667 9.790023333333332)
_mview_formationtech_etablissements_formation_technique.fid-7b1c8a4a_1943cbfe119_-7fb4,Kara,Kozah,Kozah 1,Commune De Kara,Kara,Centre de Formation d'Informatique et Bureautique de Kara (CFIB Kara),"Cfib Kara, Lama","{Lundi,Mardi,Mercredi,jeudi,Vendredi}",Nsp,Nsp,{autre},Formation Professionnelle autre,Nsp,Non,POINT (1.1911212640946627 9.544051497691111)
_mview_formationtech_etablissements_formation_technique.fid-7b1c8a4a_1943cbfe119_-7fb3,Kara,Kozah,Kozah 1,Commune De Kara,Chaminade,Institut de Formation Technique Tertiaire de Kara,BP 484,"{Lundi,Mardi,Mercredi,Vendredi,jeudi}",1999,Prive - individuel,"{En construction,Construit et Utilise}",Formation Professionnelle autre,{WCs},Non,POINT (1.1956358069711013 9.55257106300331)
_mview_formationtech_etablissements_formation_technique.fid-7b1c8a4a_1943cbfe119_-7fb2,Kara,Kozah,Kozah 1,Commune De Kara,Ewaou,Complexe Scolaire Lumiere-V Kara,"Cs Lumiere-V Kara, Lama","{Lundi,Mercredi,Mardi,jeudi,Vendredi}",2010,Prive - individuel,"{Construit et Utilise,Inacheve,En construction}",Formation Professionnelle autre,{Latrines seches},Non,POINT (1.1961248986287862 9.544298090959964)
_mview_formationtech_etablissements_formation_technique.fid-7b1c8a4a_1943cbfe119_-7fb1,Kara,Kozah,Kozah 2,Bohou,Feilga,CFTO Yade,BP 185 Yade,"{Lundi,Mardi,Mercredi,jeudi,Vendredi,Samedi}",2017,Prive - individuel,{Construit et Utilise},CAP,{Douches},Non,POINT (1.1549821567486453 9.613213162703998)
_mview_formationtech_etablissements_formation_technique.fid-7b1c8a4a_1943cbfe119_-7fb0,Kara,Kozah,Kozah 1,Commune De Kara,Lama-feing,Centre de Formation de Couture La Lumiere (CFCL),"Centre de Formation de Couture la Lumiere, Lama","{Lundi,Mardi,Mercredi,jeudi,Vendredi,Samedi}",2014,Prive - individuel,{Construit et Utilise},Formation Professionnelle autre,{Latrines seches},Non,POINT (1.214550484264275 9.559951418422083)
_mview_formationtech_etablissements_formation_technique.fid-7b1c8a4a_1943cbfe119_-7faf,Kara,Kozah,Kozah 1,Commune De Kara,Bastascom,Institut des Sciences Technologiques et des Arts de Kara,BP 638,"{Lundi,Mardi,Mercredi,jeudi,Vendredi}",2017,Prive - individuel,{Construit et Utilise},Formation Professionnelle autre,{WCs},Non,POINT (1.1890556532115846 9.544253925175838)
_mview_formationtech_etablissements_formation_technique.fid-7b1c8a4a_1943cbfe119_-7fae,Kara,Kozah,Kozah 3,Awandjélo,Awandjelo,Centre de Formation Technique et Professionnelle Sweet Awandjelo,"Cftp Sweet Awandjelo, Awandjelo","{Lundi,Mardi,Mercredi,jeudi,Vendredi}",Nsp,Domaine prive de l'etat ou des collectivites territoriales,{Construit et Utilise},CAP,{Latrines a eau},Oui,POINT (1.202526434266342 9.467403478430134)
_mview_formationtech_etablissements_formation_technique.fid-7b1c8a4a_1943cbfe119_-7fad,Kara,Kozah,Kozah 3,Awandjélo,Kpankpanzibiyo,Centre Artisanal et d'Insertion Sociale de Kapnkpanzibiyo (CAIS),"Cais Kpankpanzibiyo, Awandjelo","{Lundi,Mardi,Mercredi,jeudi,Vendredi}",2008,Prive - Collectivite coutumiere,{Construit et Utilise},Formation Professionnelle autre,"{Douches,Latrines seches}",Non,POINT (1.168760430058154 9.40683459331491)
_mview_formationtech_etablissements_formation_technique.fid-7b1c8a4a_1943cbfe119_-7fac,Kara,Kozah,Kozah 1,Commune De Kara,Kplewai,Centre de Formation Technique et Professionnelle Don Bosco Kara,"Cfpt Don Bosco Kara, Lama","{Lundi,Mardi,Mercredi,jeudi,Vendredi}",1985,Prive - Collectivite coutumiere,{Construit et Utilise},Formation Professionnelle autre,"{Latrines a eau,Douches}",Oui,POINT (1.1869531425711541 9.531952375153473)
_mview_formationtech_etablissements_formation_technique.fid-7b1c8a4a_1943cbfe119_-7fab,Kara,Binah,Binah 2,Kétao,Ewayio,Institut Polytechnique d'Excellence de Ketao (IPEX),"Ipex Ketao, Ketao","{Lundi,Mardi,Mercredi,jeudi,Vendredi}",2016,autre,{Construit et Utilise},Formation Professionnelle autre,{Latrines seches},Non,POINT (1.3088956973877195 9.65091364749899)
_mview_formationtech_etablissements_formation_technique.fid-7b1c8a4a_1943cbfe119_-7faa,Kara,Kozah,Kozah 1,Commune De Kara,Tomde,institut Polytechnique Ricardo,BP 733,"{Lundi,Mardi,Mercredi,jeudi,Vendredi}",1999,Prive - individuel,{Construit et Utilise},Formation Professionnelle autre,{Pissotieres},Non,POINT (1.2051323672812764 9.552231562674294)
_mview_formationtech_etablissements_formation_technique.fid-7b1c8a4a_1943cbfe119_-7fa9,Kara,Kozah,Kozah 1,Commune De Kara,Dongoyo,Institut des Sciences Commerciales l'Excellence Kara,"Isce Kara, Lama","{Lundi,Mardi,Mercredi,jeudi,Vendredi}",2003,Prive - individuel,{Construit et Utilise},Formation Professionnelle autre,{WCs},Non,POINT (1.1757921513371885 9.54474150172921)
_mview_formationtech_etablissements_formation_technique.fid-7b1c8a4a_1943cbfe119_-7fa8,Kara,Kozah,Kozah 1,Commune De Kara,Lama-feing,CME Kara Sos,BP 13 Kara Togo,"{Lundi,Mardi,Mercredi,jeudi,Vendredi}",2017,Domaine public de l'etat ou des collectivites territoriales,{Construit et Utilise},Formation Professionnelle autre,"{WCs,Douches}",Oui,POINT (1.210148438796036 9.570419849965026)
_mview_formationtech_etablissements_formation_technique.fid-7b1c8a4a_1943cbfe119_-7fa7,Kara,Kozah,Kozah 1,Commune De Kara,Kara Ewaou,Centre de Formation Professionnelle Foyer Saint Jean 23,BP 214 Kara,"{Mardi,Mercredi,jeudi,Vendredi}",1985,autre,{Construit et Utilise},CAP,{Latrines a eau},Non,POINT (1.1900536607135186 9.545254469599852)
_mview_formationtech_etablissements_formation_technique.fid-7b1c8a4a_1943cbfe119_-7fa6,Maritime,Lacs,Lacs 1,Glidji,Chez Nous,Lycée d'Enseignement Technique et Professionnel d'Aneho Glidji,BP 48,"{Lundi,Mardi,Mercredi,jeudi,Vendredi}",2013,Domaine public de l'etat ou des collectivites territoriales,{Construit et Utilise},Formation Professionnelle autre,{WCs},Oui,POINT (1.6064472289727536 6.256737084323548)
_mview_formationtech_etablissements_formation_technique.fid-7b1c8a4a_1943cbfe119_-7fa5,Maritime,Zio,Zio 3,Gamé-Sèva,Game Seva,Centre de Formation Technique et Professionnelle de Game,"Cftp Game, Game","{Lundi,Mardi,Mercredi,jeudi,Vendredi}",2010,Domaine public de l'etat ou des collectivites territoriales,{Construit et Utilise},Formation Professionnelle autre,Nsp,Non,POINT (1.1786017671799758 6.743802780469691)
_mview_formationtech_etablissements_formation_technique.fid-7b1c8a4a_1943cbfe119_-7fa4,Maritime,Avé,Avé 1,Kévé,Latin,Centre de Formation Technique et Professionnelle de Keve,"Centre de Formation Technique et Professionnelle de, Keve","{Lundi,Mardi,Mercredi,jeudi,Vendredi}",2012,Domaine prive de l'etat ou des collectivites territoriales,{Construit et Utilise},CAP,Nsp,Non,POINT (0.9237127074106517 6.433572589256072)
_mview_formationtech_etablissements_formation_technique.fid-7b1c8a4a_1943cbfe119_-7fa3,Plateaux,Kloto,Kloto 1,Agome-Kpalime,Kpegolonou,Institut de Formation Technique et Professionnelle Topo 3000 CFA,Kpegolonou,"{Lundi,Mardi,Mercredi,jeudi,Vendredi}",2014,Nsp,{Construit et Utilise},Formation Professionnelle autre,"{WCs,Douches}",Non,POINT (0.6225276583912328 6.91822730105098)
_mview_formationtech_etablissements_formation_technique.fid-7b1c8a4a_1943cbfe119_-7fa2,Plateaux,Est-Mono,Est-Mono 1,Elavagnon,Landa,Institut de Formation en Alternance pour le Développement (IFAD) - Aquaculture,225 BP 06,"{Lundi,Mardi,Mercredi,jeudi,Vendredi,Samedi,Dimanche}",2019,Domaine public de l'etat ou des collectivites territoriales,{Construit et Utilise},Formation Professionnelle autre,{WCs},Non,POINT (1.2616066666666663 7.952213333333335)
_mview_formationtech_etablissements_formation_technique.fid-7b1c8a4a_1943cbfe119_-7fa1,Plateaux,Moyen-Mono,Moyen-Mono 2,Kpékplémé,N'tigome,Complexe Polytechnique Laique Ruzi Cnadb Lycée,"Complexe Polytechnique Laique Ruzi Cnadb Lycee, Kpekpleme","{Lundi,Mardi,Mercredi,jeudi,Vendredi}",2020,Prive - individuel,{En construction},Formation Professionnelle autre,Nsp,Non,POINT (1.6246383578032877 7.32545956264552)
_mview_formationtech_etablissements_formation_technique.fid-7b1c8a4a_1943cbfe119_-7fa0,Plateaux,Wawa,Wawa 1,Badou,Badou,Centre de Formation Technique et Professionnelle de Badou,"Cftp-Badou, Badou","{Vendredi,jeudi,Mercredi,Mardi,Lundi}",2020,Domaine public de l'etat ou des collectivites territoriales,{Construit et Utilise},CAP,Nsp,Non,POINT (0.6043022559427571 7.58497871097057)
_mview_formationtech_etablissements_formation_technique.fid-7b1c8a4a_1943cbfe119_-7f9f,Plateaux,Kloto,Kloto 1,Gbalabé,Apedogame,Centre Diocésain de Formation Professionnelle Gbalave,BP 260 Kpalimé,"{Lundi,Mardi,Mercredi,jeudi,Vendredi}",1997,Prive - entreprise,{Construit et Utilise},CAP,{WCs},Non,POINT (0.602306666666666 6.867039999999999)
_mview_formationtech_etablissements_formation_technique.fid-7b1c8a4a_1943cbfe119_-7f9e,Plateaux,Kloto,Kloto 1,Agome-Kpalime,Kpalime,Atelier Bon Conseil Nouveau,"Atelier Bon Conseil Nouveau, Kpalime","{Lundi,Mercredi,Mardi,jeudi,Vendredi}",1980,Prive - individuel,{Construit et Utilise},Formation Professionnelle autre,"{WCs,Latrines seches}",Non,POINT (0.6239819267103015 6.921050958647106)
_mview_formationtech_etablissements_formation_technique.fid-7b1c8a4a_1943cbfe119_-7f9d,Plateaux,Agou,Agou 1,Agou-Tavié,Agou Tomegbe,Lycée d'Enseignement Technique et Professionnel 'Agou,"LETP Agou, Agou Tavie","{Lundi,Mardi,Mercredi,Vendredi}",2020,Domaine public de l'etat ou des collectivites territoriales,"{Construit et Utilise,En construction}",Formation Professionnelle autre,{Latrines a eau},Non,POINT (0.7342911970278674 6.85011399948357)
_mview_formationtech_etablissements_formation_technique.fid-7b1c8a4a_1943cbfe119_-7f9c,Plateaux,Ogou,Ogou 1,Gnagna,N Gnekonakpoe,Lycée d'Enseignement Technique et Professionnel d'Atakpame,BP 403,"{Vendredi,jeudi,Mercredi,Mardi,Lundi}",1994,Domaine public de l'etat ou des collectivites territoriales,{Construit et Utilise},Formation Professionnelle autre,{Latrines a eau},Oui,POINT (1.1398453222156861 7.523619598870092)
_mview_formationtech_etablissements_formation_technique.fid-7b1c8a4a_1943cbfe119_-7f9b,Plateaux,Ogou,Ogou 1,Djama,Kossi Kope,Centre de Formation pour l'Insertion Professionnelle Ben At (CEFORIP-Atakpame),BP 346,"{Vendredi,jeudi,Mercredi,Mardi,Lundi}",2017,Prive - individuel,{Construit et Utilise},Formation Professionnelle autre,{Latrines a eau},Oui,POINT (1.1632688383222505 7.514380785167405)
_mview_formationtech_etablissements_formation_technique.fid-7b1c8a4a_1943cbfe119_-7f9a,Plateaux,Kloto,Kloto 1,Agome-Kpalime,Kpalime,Institut Polytechnique Dalloz,"Institut Polytechnique Dalloz, Kpalime","{Vendredi,jeudi,Mercredi,Mardi,Lundi}",2004,Prive - individuel,{Construit et Utilise},Formation Professionnelle autre,"{Douches,WCs}",Non,POINT (0.6266791166861259 6.919262965730031)
_mview_formationtech_etablissements_formation_technique.fid-7b1c8a4a_1943cbfe119_-7f99,Plateaux,Kpélé,Kpélé 1,Kpélé-Novivé,Adeta,Institut Technique Divine Grace,"Institut Technique Divine Grace, Novive","{Lundi,Mardi,Mercredi,jeudi,Vendredi}",2017,Prive - individuel,{Construit et Utilise},Formation Professionnelle autre,{Latrines seches},Non,POINT (0.7291706931633143 7.12051950203252)
_mview_formationtech_etablissements_formation_technique.fid-7b1c8a4a_1943cbfe119_-7f98,Plateaux,Anié,Anié 1,Anié,Boulali,Lycée Technique Federico Mayor,"Itp Federico Mayor, Anie","{Lundi,Mardi,Mercredi,jeudi,Vendredi}",Nsp,Prive - individuel,"{Construit et Utilise,En construction}",Formation Professionnelle autre,Nsp,Non,POINT (1.194798335512754 7.759245316278804)
_mview_formationtech_etablissements_formation_technique.fid-7b1c8a4a_1943cbfe119_-7f97,Plateaux,Haho,Haho 3,Kpédomé,Kpedome,Institut Technique et Professionnel les Batisseurs,"IFT Les Batisseurs, Kpedome","{Lundi,Mardi,Mercredi,jeudi,Vendredi}",2021,Prive - individuel,{En construction},Formation Professionnelle autre,Nsp,Non,POINT (1.1713723455893876 6.969558351634995)
_mview_formationtech_etablissements_formation_technique.fid-7b1c8a4a_1943cbfe119_-7f96,Plateaux,Kloto,Kloto 1,Agome-Kpalime,Kpegolonou,Institut de Formation Technique et Professionnelle Topo 3000,Kpegolonou,"{Lundi,Mardi,Mercredi,jeudi,Vendredi}",2014,Nsp,{Construit et Utilise},Formation Professionnelle autre,"{Douches,WCs}",Non,POINT (0.6225685467910442 6.918213906319831)
_mview_formationtech_etablissements_formation_technique.fid-7b1c8a4a_1943cbfe119_-7f95,Plateaux,Kloto,Kloto 1,Agome-Kpalime,Kpegolonou,Institut de Formation Technique et Professionnelle Togo 3000 Bt,Kpegolonou,"{Lundi,Mardi,Mercredi,jeudi,Vendredi}",2014,Nsp,{Construit et Utilise},Formation Professionnelle autre,"{WCs,Douches}",Non,POINT (0.6225092358775085 6.91825718687608)
_mview_formationtech_etablissements_formation_technique.fid-7b1c8a4a_1943cbfe119_-7f94,Plateaux,Ogou,Ogou 1,Djama,Campement,Institut Technique Sacre Coeur de Jesus,BP 156 Atakpamé,"{Lundi,Mardi,Mercredi,jeudi,Vendredi}",1998,Prive - entreprise,{Construit et Utilise},Formation Professionnelle autre,"{Latrines a eau,Douches}",Oui,POINT (1.1489367134603752 7.5271678966923545)
_mview_formationtech_etablissements_formation_technique.fid-7b1c8a4a_1943cbfe119_-7f93,Plateaux,Kloto,Kloto 1,Agome-Kpalime,Kpalime Kunsutu,Collège d'Enseignement Artistique et Artisanal de Kpalime,BP 93,"{Lundi,Mardi,Mercredi,jeudi,Vendredi}",1968,Domaine public de l'etat ou des collectivites territoriales,{Construit et Utilise},Formation Professionnelle autre,"{WCs,Douches}",Non,POINT (0.6183043600070872 6.923653946982775)
_mview_formationtech_etablissements_formation_technique.fid-7b1c8a4a_1943cbfe119_-7f92,Plateaux,Kloto,Kloto 1,Agome-Kpalime,Kpalime,Institut Technique et Profesnionnel Larousse,"Itp Larousse, Kpalime","{Lundi,Mardi,Mercredi,jeudi,Vendredi}",1995,Prive - individuel,{Construit et Utilise},Formation Professionnelle autre,{WCs},Oui,POINT (0.6335152814743382 6.920546756032542)
_mview_formationtech_etablissements_formation_technique.fid-7b1c8a4a_1943cbfe119_-7f91,Plateaux,Anié,Anié 1,Anié,Anie,Centre de Formation Technique et Professionnel Anie,70359910,"{""jeudi"",""Lundi"",""Mardi"",""Mercredi"",""Vendredi""}",2017,Domaine public de l'Etat ou des collectivites territoriales,"{""En construction""}",Formation profesionnelle autre,N/a,Non,POINT (1.1985778042113462 7.764290316170254)
_mview_formationtech_etablissements_formation_technique.fid-7b1c8a4a_1943cbfe119_-7f90,Plateaux,Anié,Anié 1,Anié,Anie Kpassa Cope,Compexte Technique d'Excellence d'Anie,"Cte Anie, Anie","{Lundi,Mardi,Mercredi,jeudi,Vendredi}",2011,Prive - individuel,{Inacheve},CAP,Nsp,Non,POINT (1.1940434007752365 7.788830958247869)
_mview_formationtech_etablissements_formation_technique.fid-7b1c8a4a_1943cbfe119_-7f8f,Plateaux,Haho,Haho 1,Notsé,Tegbe,Complexe Scolaire Itecso,BP 22,"{Lundi,Mardi,Vendredi,jeudi,Mercredi}",2001,Prive - individuel,{Construit et Utilise},Formation Professionnelle autre,Nsp,Non,POINT (1.1683768584849372 6.955444030370272)
_mview_formationtech_etablissements_formation_technique.fid-7b1c8a4a_1943cbfe119_-7f8e,Plateaux,Anié,Anié 2,Adogbénou,Oke Adogbenou,Centre de Formation Profesionnelle ONG Acatbli,BP 72 Atakpamé,"{Lundi,Mardi,Mercredi,jeudi,Vendredi}",Nsp,autre,{Construit et Utilise},Formation Professionnelle autre,"{Latrines a eau,Douches}",Non,POINT (1.4380530258775246 7.73814211386547)
_mview_formationtech_etablissements_formation_technique.fid-7b1c8a4a_1943cbfe119_-7f8d,Plateaux,Kloto,Kloto 1,Agome-Kpalime,Kpalime Nyiveme,Centre Aklala Batik,"Centre Aklala Batik, Kpalime","{Vendredi,jeudi,Mercredi,Mardi,Lundi}",Nsp,Prive - entreprise,{Construit et Utilise},Formation Professionnelle autre,"{WCs,Douches}",Non,POINT (0.6257549999999996 6.928325)
_mview_formationtech_etablissements_formation_technique.fid-7b1c8a4a_1943cbfe119_-7f8c,Savanes,Oti,Oti 1,Mango,Djabou,Lycée d'Enseignement Technique et Professionnel de Mango,BP 95,"{Lundi,Mardi,Mercredi,jeudi,Vendredi}",1997,Domaine public de l'etat ou des collectivites territoriales,{Construit et Utilise},Formation Professionnelle autre,{Latrines seches},Non,POINT (0.4747034446313269 10.368892798699969)
_mview_formationtech_etablissements_formation_technique.fid-7b1c8a4a_1943cbfe119_-7f8b,Savanes,Oti-Sud,Oti-Sud 1,Gando,Namoni,Centre de Formation Technique et Professionnelle de Gando,"Centre de Formation Technique et Professionnel de Gando, Gando","{Lundi,Mardi,Mercredi,jeudi,Vendredi}",2012,Domaine public de l'etat ou des collectivites territoriales,"{En construction,Construit et Utilise}",CAP,{WCs},Non,POINT (0.7589312136892714 10.320458900856325)
_mview_formationtech_etablissements_formation_technique.fid-7b1c8a4a_1943cbfe119_-7f8a,Savanes,Tône,Tône 1,Dapaong,Worgou,Centre Regional d'Enseignement Technique et de Fomation Professionnelle de Dapaong,500 BP 22,"{Lundi,Mardi,Mercredi,jeudi,Vendredi,Samedi}",1958,Domaine public de l'etat ou des collectivites territoriales,{Construit et Utilise},Formation Professionnelle autre,{Latrines a eau},Oui,POINT (0.1968982637950383 10.83921366260353)
_mview_formationtech_etablissements_formation_technique.fid-7b1c8a4a_1943cbfe119_-7f89,Savanes,Oti,Oti 2,Galangashie,Kpandjini,Institut de Formation en Alterance Pour Le developpement de Barkoissi,"Institut de Formation en Alterance pour le developpement de Barkoissi, Barkoissi","{Lundi,Mardi,Mercredi,jeudi,Vendredi}",2021,Nsp,Nsp,Nsp,Nsp,Nsp,POINT (0.3155236218587007 10.530007832010774)
_mview_formationtech_etablissements_formation_technique.fid-7b1c8a4a_1943cbfe119_-7f88,Kara,Kozah,Kozah 2,Tchitchao,TCHITCHAO,College Militaire Eyadema - Branche Technique,26 61 11 34,Nsp,1979,N/a,N/a,N/a,N/a,N/a,POINT (1.1128483333333332 9.619323333333334)
