"indicateur","libellés","sexe","Unit","Date","Value"
"Effectifs des étudiants des universités publiques par Faculté_Ecole_Institut et par Sexe","TOLAL GENERAL","TOTAL","Nombre","2013","56557"
"Effectifs des étudiants des universités publiques par Faculté_Ecole_Institut et par Sexe","TOLAL GENERAL","TOTAL","Nombre","2014","54382"
"Effectifs des étudiants des universités publiques par Faculté_Ecole_Institut et par Sexe","TOLAL GENERAL","TOTAL","Nombre","2015","55912"
"Effectifs des étudiants des universités publiques par Faculté_Ecole_Institut et par Sexe","TOLAL GENERAL","TOTAL","Nombre","2016","64527"
"Effectifs des étudiants des universités publiques par Faculté_Ecole_Institut et par Sexe","TOLAL GENERAL","TOTAL","Nombre","2017","68074"
"Effectifs des étudiants des universités publiques par Faculté_Ecole_Institut et par Sexe","TOLAL GENERAL","TOTAL","Nombre","2018","74031"
"Effectifs des étudiants des universités publiques par Faculté_Ecole_Institut et par Sexe","TOLAL GENERAL","F","Nombre","2013","14381"
"Effectifs des étudiants des universités publiques par Faculté_Ecole_Institut et par Sexe","TOLAL GENERAL","F","Nombre","2014","14145"
"Effectifs des étudiants des universités publiques par Faculté_Ecole_Institut et par Sexe","TOLAL GENERAL","F","Nombre","2015","14972"
"Effectifs des étudiants des universités publiques par Faculté_Ecole_Institut et par Sexe","TOLAL GENERAL","F","Nombre","2016","18149"
"Effectifs des étudiants des universités publiques par Faculté_Ecole_Institut et par Sexe","TOLAL GENERAL","F","Nombre","2017","19396"
"Effectifs des étudiants des universités publiques par Faculté_Ecole_Institut et par Sexe","TOLAL GENERAL","F","Nombre","2018","22646"
"Effectifs des étudiants des universités publiques par Faculté_Ecole_Institut et par Sexe","TOLAL GENERAL","M","Nombre","2013","42176"
"Effectifs des étudiants des universités publiques par Faculté_Ecole_Institut et par Sexe","TOLAL GENERAL","M","Nombre","2014","40237"
"Effectifs des étudiants des universités publiques par Faculté_Ecole_Institut et par Sexe","TOLAL GENERAL","M","Nombre","2015","40940"
"Effectifs des étudiants des universités publiques par Faculté_Ecole_Institut et par Sexe","TOLAL GENERAL","M","Nombre","2016","46378"
"Effectifs des étudiants des universités publiques par Faculté_Ecole_Institut et par Sexe","TOLAL GENERAL","M","Nombre","2017","48678"
"Effectifs des étudiants des universités publiques par Faculté_Ecole_Institut et par Sexe","TOLAL GENERAL","M","Nombre","2018","51385"
"Effectifs des étudiants des universités publiques par Faculté_Ecole_Institut et par Sexe","FDSP","TOTAL","Nombre","2013","2604"
"Effectifs des étudiants des universités publiques par Faculté_Ecole_Institut et par Sexe","FDSP","TOTAL","Nombre","2014","2688"
"Effectifs des étudiants des universités publiques par Faculté_Ecole_Institut et par Sexe","FDSP","TOTAL","Nombre","2015","2766"
"Effectifs des étudiants des universités publiques par Faculté_Ecole_Institut et par Sexe","FDSP","TOTAL","Nombre","2016","3024"
"Effectifs des étudiants des universités publiques par Faculté_Ecole_Institut et par Sexe","FDSP","TOTAL","Nombre","2017","3043"
"Effectifs des étudiants des universités publiques par Faculté_Ecole_Institut et par Sexe","FDSP","TOTAL","Nombre","2018","2522"
"Effectifs des étudiants des universités publiques par Faculté_Ecole_Institut et par Sexe","FDSP","F","Nombre","2013","702"
"Effectifs des étudiants des universités publiques par Faculté_Ecole_Institut et par Sexe","FDSP","F","Nombre","2014","748"
"Effectifs des étudiants des universités publiques par Faculté_Ecole_Institut et par Sexe","FDSP","F","Nombre","2015","808"
"Effectifs des étudiants des universités publiques par Faculté_Ecole_Institut et par Sexe","FDSP","F","Nombre","2016","956"
"Effectifs des étudiants des universités publiques par Faculté_Ecole_Institut et par Sexe","FDSP","F","Nombre","2017","918"
"Effectifs des étudiants des universités publiques par Faculté_Ecole_Institut et par Sexe","FDSP","F","Nombre","2018","712"
"Effectifs des étudiants des universités publiques par Faculté_Ecole_Institut et par Sexe","FDSP","M","Nombre","2013","1902"
"Effectifs des étudiants des universités publiques par Faculté_Ecole_Institut et par Sexe","FDSP","M","Nombre","2014","1940"
"Effectifs des étudiants des universités publiques par Faculté_Ecole_Institut et par Sexe","FDSP","M","Nombre","2015","1958"
"Effectifs des étudiants des universités publiques par Faculté_Ecole_Institut et par Sexe","FDSP","M","Nombre","2016","2068"
"Effectifs des étudiants des universités publiques par Faculté_Ecole_Institut et par Sexe","FDSP","M","Nombre","2017","2125"
"Effectifs des étudiants des universités publiques par Faculté_Ecole_Institut et par Sexe","FDSP","M","Nombre","2018","1810"
"Effectifs des étudiants des universités publiques par Faculté_Ecole_Institut et par Sexe","FASEG","TOTAL","Nombre","2013","2166"
"Effectifs des étudiants des universités publiques par Faculté_Ecole_Institut et par Sexe","FASEG","TOTAL","Nombre","2014","2194"
"Effectifs des étudiants des universités publiques par Faculté_Ecole_Institut et par Sexe","FASEG","TOTAL","Nombre","2015","2200"
"Effectifs des étudiants des universités publiques par Faculté_Ecole_Institut et par Sexe","FASEG","TOTAL","Nombre","2016","2523"
"Effectifs des étudiants des universités publiques par Faculté_Ecole_Institut et par Sexe","FASEG","TOTAL","Nombre","2017","3266"
"Effectifs des étudiants des universités publiques par Faculté_Ecole_Institut et par Sexe","FASEG","TOTAL","Nombre","2018","3898"
"Effectifs des étudiants des universités publiques par Faculté_Ecole_Institut et par Sexe","FASEG","F","Nombre","2013","425"
"Effectifs des étudiants des universités publiques par Faculté_Ecole_Institut et par Sexe","FASEG","F","Nombre","2014","455"
"Effectifs des étudiants des universités publiques par Faculté_Ecole_Institut et par Sexe","FASEG","F","Nombre","2015","460"
"Effectifs des étudiants des universités publiques par Faculté_Ecole_Institut et par Sexe","FASEG","F","Nombre","2016","566"
"Effectifs des étudiants des universités publiques par Faculté_Ecole_Institut et par Sexe","FASEG","F","Nombre","2017","793"
"Effectifs des étudiants des universités publiques par Faculté_Ecole_Institut et par Sexe","FASEG","F","Nombre","2018","1096"
"Effectifs des étudiants des universités publiques par Faculté_Ecole_Institut et par Sexe","FASEG","M","Nombre","2013","1741"
"Effectifs des étudiants des universités publiques par Faculté_Ecole_Institut et par Sexe","FASEG","M","Nombre","2014","1739"
"Effectifs des étudiants des universités publiques par Faculté_Ecole_Institut et par Sexe","FASEG","M","Nombre","2015","1740"
"Effectifs des étudiants des universités publiques par Faculté_Ecole_Institut et par Sexe","FASEG","M","Nombre","2016","1957"
"Effectifs des étudiants des universités publiques par Faculté_Ecole_Institut et par Sexe","FASEG","M","Nombre","2017","2473"
"Effectifs des étudiants des universités publiques par Faculté_Ecole_Institut et par Sexe","FASEG","M","Nombre","2018","2802"
"Effectifs des étudiants des universités publiques par Faculté_Ecole_Institut et par Sexe","FAST","TOTAL","Nombre","2013","391"
"Effectifs des étudiants des universités publiques par Faculté_Ecole_Institut et par Sexe","FAST","TOTAL","Nombre","2014","421"
"Effectifs des étudiants des universités publiques par Faculté_Ecole_Institut et par Sexe","FAST","TOTAL","Nombre","2015","498"
"Effectifs des étudiants des universités publiques par Faculté_Ecole_Institut et par Sexe","FAST","TOTAL","Nombre","2016","726"
"Effectifs des étudiants des universités publiques par Faculté_Ecole_Institut et par Sexe","FAST","TOTAL","Nombre","2017","1046"
"Effectifs des étudiants des universités publiques par Faculté_Ecole_Institut et par Sexe","FAST","TOTAL","Nombre","2018","1391"
"Effectifs des étudiants des universités publiques par Faculté_Ecole_Institut et par Sexe","FAST","F","Nombre","2013","18"
"Effectifs des étudiants des universités publiques par Faculté_Ecole_Institut et par Sexe","FAST","F","Nombre","2014","22"
"Effectifs des étudiants des universités publiques par Faculté_Ecole_Institut et par Sexe","FAST","F","Nombre","2015","34"
"Effectifs des étudiants des universités publiques par Faculté_Ecole_Institut et par Sexe","FAST","F","Nombre","2016","61"
"Effectifs des étudiants des universités publiques par Faculté_Ecole_Institut et par Sexe","FAST","F","Nombre","2017","105"
"Effectifs des étudiants des universités publiques par Faculté_Ecole_Institut et par Sexe","FAST","F","Nombre","2018","171"
"Effectifs des étudiants des universités publiques par Faculté_Ecole_Institut et par Sexe","FAST","M","Nombre","2013","373"
"Effectifs des étudiants des universités publiques par Faculté_Ecole_Institut et par Sexe","FAST","M","Nombre","2014","399"
"Effectifs des étudiants des universités publiques par Faculté_Ecole_Institut et par Sexe","FAST","M","Nombre","2015","464"
"Effectifs des étudiants des universités publiques par Faculté_Ecole_Institut et par Sexe","FAST","M","Nombre","2016","665"
"Effectifs des étudiants des universités publiques par Faculté_Ecole_Institut et par Sexe","FAST","M","Nombre","2017","941"
"Effectifs des étudiants des universités publiques par Faculté_Ecole_Institut et par Sexe","FAST","M","Nombre","2018","1220"
"Effectifs des étudiants des universités publiques par Faculté_Ecole_Institut et par Sexe","FLESH","TOTAL","Nombre","2013","7928"
"Effectifs des étudiants des universités publiques par Faculté_Ecole_Institut et par Sexe","FLESH","TOTAL","Nombre","2014","7161"
"Effectifs des étudiants des universités publiques par Faculté_Ecole_Institut et par Sexe","FLESH","TOTAL","Nombre","2015","6479"
"Effectifs des étudiants des universités publiques par Faculté_Ecole_Institut et par Sexe","FLESH","TOTAL","Nombre","2016","8063"
"Effectifs des étudiants des universités publiques par Faculté_Ecole_Institut et par Sexe","FLESH","TOTAL","Nombre","2017","8888"
"Effectifs des étudiants des universités publiques par Faculté_Ecole_Institut et par Sexe","FLESH","TOTAL","Nombre","2018","10238"
"Effectifs des étudiants des universités publiques par Faculté_Ecole_Institut et par Sexe","FLESH","F","Nombre","2013","1672"
"Effectifs des étudiants des universités publiques par Faculté_Ecole_Institut et par Sexe","FLESH","F","Nombre","2014","1582"
"Effectifs des étudiants des universités publiques par Faculté_Ecole_Institut et par Sexe","FLESH","F","Nombre","2015","1448"
"Effectifs des étudiants des universités publiques par Faculté_Ecole_Institut et par Sexe","FLESH","F","Nombre","2016","1955"
"Effectifs des étudiants des universités publiques par Faculté_Ecole_Institut et par Sexe","FLESH","F","Nombre","2017","2216"
"Effectifs des étudiants des universités publiques par Faculté_Ecole_Institut et par Sexe","FLESH","F","Nombre","2018","2895"
"Effectifs des étudiants des universités publiques par Faculté_Ecole_Institut et par Sexe","FLESH","M","Nombre","2013","6256"
"Effectifs des étudiants des universités publiques par Faculté_Ecole_Institut et par Sexe","FLESH","M","Nombre","2014","5579"
"Effectifs des étudiants des universités publiques par Faculté_Ecole_Institut et par Sexe","FLESH","M","Nombre","2015","5031"
"Effectifs des étudiants des universités publiques par Faculté_Ecole_Institut et par Sexe","FLESH","M","Nombre","2016","6108"
"Effectifs des étudiants des universités publiques par Faculté_Ecole_Institut et par Sexe","FLESH","M","Nombre","2017","6672"
"Effectifs des étudiants des universités publiques par Faculté_Ecole_Institut et par Sexe","FLESH","M","Nombre","2018","7343"
"Effectifs des étudiants des universités publiques par Faculté_Ecole_Institut et par Sexe","FSS","TOTAL","Nombre","2013","0"
"Effectifs des étudiants des universités publiques par Faculté_Ecole_Institut et par Sexe","FSS","TOTAL","Nombre","2014","0"
"Effectifs des étudiants des universités publiques par Faculté_Ecole_Institut et par Sexe","FSS","TOTAL","Nombre","2015","0"
"Effectifs des étudiants des universités publiques par Faculté_Ecole_Institut et par Sexe","FSS","TOTAL","Nombre","2016","74"
"Effectifs des étudiants des universités publiques par Faculté_Ecole_Institut et par Sexe","FSS","TOTAL","Nombre","2017","136"
"Effectifs des étudiants des universités publiques par Faculté_Ecole_Institut et par Sexe","FSS","TOTAL","Nombre","2018","171"
"Effectifs des étudiants des universités publiques par Faculté_Ecole_Institut et par Sexe","FSS","F","Nombre","2013","0"
"Effectifs des étudiants des universités publiques par Faculté_Ecole_Institut et par Sexe","FSS","F","Nombre","2014","0"
"Effectifs des étudiants des universités publiques par Faculté_Ecole_Institut et par Sexe","FSS","F","Nombre","2015","0"
"Effectifs des étudiants des universités publiques par Faculté_Ecole_Institut et par Sexe","FSS","F","Nombre","2016","12"
"Effectifs des étudiants des universités publiques par Faculté_Ecole_Institut et par Sexe","FSS","F","Nombre","2017","30"
"Effectifs des étudiants des universités publiques par Faculté_Ecole_Institut et par Sexe","FSS","F","Nombre","2018","35"
"Effectifs des étudiants des universités publiques par Faculté_Ecole_Institut et par Sexe","FSS","M","Nombre","2013","0"
"Effectifs des étudiants des universités publiques par Faculté_Ecole_Institut et par Sexe","FSS","M","Nombre","2014","0"
"Effectifs des étudiants des universités publiques par Faculté_Ecole_Institut et par Sexe","FSS","M","Nombre","2015","0"
"Effectifs des étudiants des universités publiques par Faculté_Ecole_Institut et par Sexe","FSS","M","Nombre","2016","62"
"Effectifs des étudiants des universités publiques par Faculté_Ecole_Institut et par Sexe","FSS","M","Nombre","2017","106"
"Effectifs des étudiants des universités publiques par Faculté_Ecole_Institut et par Sexe","FSS","M","Nombre","2018","136"
"Effectifs des étudiants des universités publiques par Faculté_Ecole_Institut et par Sexe","ISMA","TOTAL","Nombre","2013","0"
"Effectifs des étudiants des universités publiques par Faculté_Ecole_Institut et par Sexe","ISMA","TOTAL","Nombre","2014","0"
"Effectifs des étudiants des universités publiques par Faculté_Ecole_Institut et par Sexe","ISMA","TOTAL","Nombre","2015","0"
"Effectifs des étudiants des universités publiques par Faculté_Ecole_Institut et par Sexe","ISMA","TOTAL","Nombre","2016","0"
"Effectifs des étudiants des universités publiques par Faculté_Ecole_Institut et par Sexe","ISMA","TOTAL","Nombre","2017","0"
"Effectifs des étudiants des universités publiques par Faculté_Ecole_Institut et par Sexe","ISMA","TOTAL","Nombre","2018","30"
"Effectifs des étudiants des universités publiques par Faculté_Ecole_Institut et par Sexe","ISMA","F","Nombre","2013","0"
"Effectifs des étudiants des universités publiques par Faculté_Ecole_Institut et par Sexe","ISMA","F","Nombre","2014","0"
"Effectifs des étudiants des universités publiques par Faculté_Ecole_Institut et par Sexe","ISMA","F","Nombre","2015","0"
"Effectifs des étudiants des universités publiques par Faculté_Ecole_Institut et par Sexe","ISMA","F","Nombre","2016","0"
"Effectifs des étudiants des universités publiques par Faculté_Ecole_Institut et par Sexe","ISMA","F","Nombre","2017","0"
"Effectifs des étudiants des universités publiques par Faculté_Ecole_Institut et par Sexe","ISMA","F","Nombre","2018","4"
"Effectifs des étudiants des universités publiques par Faculté_Ecole_Institut et par Sexe","ISMA","M","Nombre","2013","0"
"Effectifs des étudiants des universités publiques par Faculté_Ecole_Institut et par Sexe","ISMA","M","Nombre","2014","0"
"Effectifs des étudiants des universités publiques par Faculté_Ecole_Institut et par Sexe","ISMA","M","Nombre","2015","0"
"Effectifs des étudiants des universités publiques par Faculté_Ecole_Institut et par Sexe","ISMA","M","Nombre","2016","0"
"Effectifs des étudiants des universités publiques par Faculté_Ecole_Institut et par Sexe","ISMA","M","Nombre","2017","0"
"Effectifs des étudiants des universités publiques par Faculté_Ecole_Institut et par Sexe","ISMA","M","Nombre","2018","26"
"Effectifs des étudiants des universités publiques par Faculté_Ecole_Institut et par Sexe","TOTAL Uk","TOTAL","Nombre","2013","13089"
"Effectifs des étudiants des universités publiques par Faculté_Ecole_Institut et par Sexe","TOTAL Uk","TOTAL","Nombre","2014","12464"
"Effectifs des étudiants des universités publiques par Faculté_Ecole_Institut et par Sexe","TOTAL Uk","TOTAL","Nombre","2015","11943"
"Effectifs des étudiants des universités publiques par Faculté_Ecole_Institut et par Sexe","TOTAL Uk","TOTAL","Nombre","2016","14410"
"Effectifs des étudiants des universités publiques par Faculté_Ecole_Institut et par Sexe","TOTAL Uk","TOTAL","Nombre","2017","16379"
"Effectifs des étudiants des universités publiques par Faculté_Ecole_Institut et par Sexe","TOTAL Uk","TOTAL","Nombre","2018","18250"
"Effectifs des étudiants des universités publiques par Faculté_Ecole_Institut et par Sexe","TOTAL Uk","F","Nombre","2013","2817"
"Effectifs des étudiants des universités publiques par Faculté_Ecole_Institut et par Sexe","TOTAL Uk","F","Nombre","2014","2807"
"Effectifs des étudiants des universités publiques par Faculté_Ecole_Institut et par Sexe","TOTAL Uk","F","Nombre","2015","2750"
"Effectifs des étudiants des universités publiques par Faculté_Ecole_Institut et par Sexe","TOTAL Uk","F","Nombre","2016","3550"
"Effectifs des étudiants des universités publiques par Faculté_Ecole_Institut et par Sexe","TOTAL Uk","F","Nombre","2017","4062"
"Effectifs des étudiants des universités publiques par Faculté_Ecole_Institut et par Sexe","TOTAL Uk","F","Nombre","2018","4913"
"Effectifs des étudiants des universités publiques par Faculté_Ecole_Institut et par Sexe","TOTAL Uk","M","Nombre","2013","10272"
"Effectifs des étudiants des universités publiques par Faculté_Ecole_Institut et par Sexe","TOTAL Uk","M","Nombre","2014","9657"
"Effectifs des étudiants des universités publiques par Faculté_Ecole_Institut et par Sexe","TOTAL Uk","M","Nombre","2015","9193"
"Effectifs des étudiants des universités publiques par Faculté_Ecole_Institut et par Sexe","TOTAL Uk","M","Nombre","2016","10860"
"Effectifs des étudiants des universités publiques par Faculté_Ecole_Institut et par Sexe","TOTAL Uk","M","Nombre","2017","12317"
"Effectifs des étudiants des universités publiques par Faculté_Ecole_Institut et par Sexe","TOTAL Uk","M","Nombre","2018","13337"
"Effectifs des étudiants des universités publiques par Faculté_Ecole_Institut et par Sexe","CERSA","TOTAL","Nombre","2013","0"
"Effectifs des étudiants des universités publiques par Faculté_Ecole_Institut et par Sexe","CERSA","TOTAL","Nombre","2014","0"
"Effectifs des étudiants des universités publiques par Faculté_Ecole_Institut et par Sexe","CERSA","TOTAL","Nombre","2015","21"
"Effectifs des étudiants des universités publiques par Faculté_Ecole_Institut et par Sexe","CERSA","TOTAL","Nombre","2016","23"
"Effectifs des étudiants des universités publiques par Faculté_Ecole_Institut et par Sexe","CERSA","TOTAL","Nombre","2017","24"
"Effectifs des étudiants des universités publiques par Faculté_Ecole_Institut et par Sexe","CERSA","TOTAL","Nombre","2018","51"
"Effectifs des étudiants des universités publiques par Faculté_Ecole_Institut et par Sexe","CERSA","F","Nombre","2013","0"
"Effectifs des étudiants des universités publiques par Faculté_Ecole_Institut et par Sexe","CERSA","F","Nombre","2014","0"
"Effectifs des étudiants des universités publiques par Faculté_Ecole_Institut et par Sexe","CERSA","F","Nombre","2015","4"
"Effectifs des étudiants des universités publiques par Faculté_Ecole_Institut et par Sexe","CERSA","F","Nombre","2016","4"
"Effectifs des étudiants des universités publiques par Faculté_Ecole_Institut et par Sexe","CERSA","F","Nombre","2017","3"
"Effectifs des étudiants des universités publiques par Faculté_Ecole_Institut et par Sexe","CERSA","F","Nombre","2018","11"
"Effectifs des étudiants des universités publiques par Faculté_Ecole_Institut et par Sexe","CERSA","M","Nombre","2013","0"
"Effectifs des étudiants des universités publiques par Faculté_Ecole_Institut et par Sexe","CERSA","M","Nombre","2014","0"
"Effectifs des étudiants des universités publiques par Faculté_Ecole_Institut et par Sexe","CERSA","M","Nombre","2015","17"
"Effectifs des étudiants des universités publiques par Faculté_Ecole_Institut et par Sexe","CERSA","M","Nombre","2016","19"
"Effectifs des étudiants des universités publiques par Faculté_Ecole_Institut et par Sexe","CERSA","M","Nombre","2017","21"
"Effectifs des étudiants des universités publiques par Faculté_Ecole_Institut et par Sexe","CERSA","M","Nombre","2018","40"
"Effectifs des étudiants des universités publiques par Faculté_Ecole_Institut et par Sexe","CIC","TOTAL","Nombre","2013","180"
"Effectifs des étudiants des universités publiques par Faculté_Ecole_Institut et par Sexe","CIC","TOTAL","Nombre","2014","160"
"Effectifs des étudiants des universités publiques par Faculté_Ecole_Institut et par Sexe","CIC","TOTAL","Nombre","2015","220"
"Effectifs des étudiants des universités publiques par Faculté_Ecole_Institut et par Sexe","CIC","TOTAL","Nombre","2016","259"
"Effectifs des étudiants des universités publiques par Faculté_Ecole_Institut et par Sexe","CIC","TOTAL","Nombre","2017","285"
"Effectifs des étudiants des universités publiques par Faculté_Ecole_Institut et par Sexe","CIC","TOTAL","Nombre","2018","332"
"Effectifs des étudiants des universités publiques par Faculté_Ecole_Institut et par Sexe","CIC","F","Nombre","2013","15"
"Effectifs des étudiants des universités publiques par Faculté_Ecole_Institut et par Sexe","CIC","F","Nombre","2014","14"
"Effectifs des étudiants des universités publiques par Faculté_Ecole_Institut et par Sexe","CIC","F","Nombre","2015","20"
"Effectifs des étudiants des universités publiques par Faculté_Ecole_Institut et par Sexe","CIC","F","Nombre","2016","29"
"Effectifs des étudiants des universités publiques par Faculté_Ecole_Institut et par Sexe","CIC","F","Nombre","2017","27"
"Effectifs des étudiants des universités publiques par Faculté_Ecole_Institut et par Sexe","CIC","F","Nombre","2018","26"
"Effectifs des étudiants des universités publiques par Faculté_Ecole_Institut et par Sexe","CIC","M","Nombre","2013","165"
"Effectifs des étudiants des universités publiques par Faculté_Ecole_Institut et par Sexe","CIC","M","Nombre","2014","146"
"Effectifs des étudiants des universités publiques par Faculté_Ecole_Institut et par Sexe","CIC","M","Nombre","2015","200"
"Effectifs des étudiants des universités publiques par Faculté_Ecole_Institut et par Sexe","CIC","M","Nombre","2016","230"
"Effectifs des étudiants des universités publiques par Faculté_Ecole_Institut et par Sexe","CIC","M","Nombre","2017","258"
"Effectifs des étudiants des universités publiques par Faculté_Ecole_Institut et par Sexe","CIC","M","Nombre","2018","306"
"Effectifs des étudiants des universités publiques par Faculté_Ecole_Institut et par Sexe","EAM","TOTAL","Nombre","2013","393"
"Effectifs des étudiants des universités publiques par Faculté_Ecole_Institut et par Sexe","EAM","TOTAL","Nombre","2014","232"
"Effectifs des étudiants des universités publiques par Faculté_Ecole_Institut et par Sexe","EAM","TOTAL","Nombre","2015","148"
"Effectifs des étudiants des universités publiques par Faculté_Ecole_Institut et par Sexe","EAM","TOTAL","Nombre","2016","169"
"Effectifs des étudiants des universités publiques par Faculté_Ecole_Institut et par Sexe","EAM","TOTAL","Nombre","2017","173"
"Effectifs des étudiants des universités publiques par Faculté_Ecole_Institut et par Sexe","EAM","TOTAL","Nombre","2018","178"
"Effectifs des étudiants des universités publiques par Faculté_Ecole_Institut et par Sexe","EAM","F","Nombre","2013","112"
"Effectifs des étudiants des universités publiques par Faculté_Ecole_Institut et par Sexe","EAM","F","Nombre","2014","47"
"Effectifs des étudiants des universités publiques par Faculté_Ecole_Institut et par Sexe","EAM","F","Nombre","2015","15"
"Effectifs des étudiants des universités publiques par Faculté_Ecole_Institut et par Sexe","EAM","F","Nombre","2016","15"
"Effectifs des étudiants des universités publiques par Faculté_Ecole_Institut et par Sexe","EAM","F","Nombre","2017","12"
"Effectifs des étudiants des universités publiques par Faculté_Ecole_Institut et par Sexe","EAM","F","Nombre","2018","24"
"Effectifs des étudiants des universités publiques par Faculté_Ecole_Institut et par Sexe","EAM","M","Nombre","2013","281"
"Effectifs des étudiants des universités publiques par Faculté_Ecole_Institut et par Sexe","EAM","M","Nombre","2014","185"
"Effectifs des étudiants des universités publiques par Faculté_Ecole_Institut et par Sexe","EAM","M","Nombre","2015","133"
"Effectifs des étudiants des universités publiques par Faculté_Ecole_Institut et par Sexe","EAM","M","Nombre","2016","154"
"Effectifs des étudiants des universités publiques par Faculté_Ecole_Institut et par Sexe","EAM","M","Nombre","2017","161"
"Effectifs des étudiants des universités publiques par Faculté_Ecole_Institut et par Sexe","EAM","M","Nombre","2018","154"
"Effectifs des étudiants des universités publiques par Faculté_Ecole_Institut et par Sexe","ENSI","TOTAL","Nombre","2013","382"
"Effectifs des étudiants des universités publiques par Faculté_Ecole_Institut et par Sexe","ENSI","TOTAL","Nombre","2014","387"
"Effectifs des étudiants des universités publiques par Faculté_Ecole_Institut et par Sexe","ENSI","TOTAL","Nombre","2015","422"
"Effectifs des étudiants des universités publiques par Faculté_Ecole_Institut et par Sexe","ENSI","TOTAL","Nombre","2016","653"
"Effectifs des étudiants des universités publiques par Faculté_Ecole_Institut et par Sexe","ENSI","TOTAL","Nombre","2017","728"
"Effectifs des étudiants des universités publiques par Faculté_Ecole_Institut et par Sexe","ENSI","TOTAL","Nombre","2018","790"
"Effectifs des étudiants des universités publiques par Faculté_Ecole_Institut et par Sexe","ENSI","F","Nombre","2013","10"
"Effectifs des étudiants des universités publiques par Faculté_Ecole_Institut et par Sexe","ENSI","F","Nombre","2014","6"
"Effectifs des étudiants des universités publiques par Faculté_Ecole_Institut et par Sexe","ENSI","F","Nombre","2015","8"
"Effectifs des étudiants des universités publiques par Faculté_Ecole_Institut et par Sexe","ENSI","F","Nombre","2016","29"
"Effectifs des étudiants des universités publiques par Faculté_Ecole_Institut et par Sexe","ENSI","F","Nombre","2017","34"
"Effectifs des étudiants des universités publiques par Faculté_Ecole_Institut et par Sexe","ENSI","F","Nombre","2018","39"
"Effectifs des étudiants des universités publiques par Faculté_Ecole_Institut et par Sexe","ENSI","M","Nombre","2013","372"
"Effectifs des étudiants des universités publiques par Faculté_Ecole_Institut et par Sexe","ENSI","M","Nombre","2014","381"
"Effectifs des étudiants des universités publiques par Faculté_Ecole_Institut et par Sexe","ENSI","M","Nombre","2015","414"
"Effectifs des étudiants des universités publiques par Faculté_Ecole_Institut et par Sexe","ENSI","M","Nombre","2016","624"
"Effectifs des étudiants des universités publiques par Faculté_Ecole_Institut et par Sexe","ENSI","M","Nombre","2017","694"
"Effectifs des étudiants des universités publiques par Faculté_Ecole_Institut et par Sexe","ENSI","M","Nombre","2018","751"
"Effectifs des étudiants des universités publiques par Faculté_Ecole_Institut et par Sexe","ESA","TOTAL","Nombre","2013","1048"
"Effectifs des étudiants des universités publiques par Faculté_Ecole_Institut et par Sexe","ESA","TOTAL","Nombre","2014","1163"
"Effectifs des étudiants des universités publiques par Faculté_Ecole_Institut et par Sexe","ESA","TOTAL","Nombre","2015","1063"
"Effectifs des étudiants des universités publiques par Faculté_Ecole_Institut et par Sexe","ESA","TOTAL","Nombre","2016","1240"
"Effectifs des étudiants des universités publiques par Faculté_Ecole_Institut et par Sexe","ESA","TOTAL","Nombre","2017","1212"
"Effectifs des étudiants des universités publiques par Faculté_Ecole_Institut et par Sexe","ESA","TOTAL","Nombre","2018","1209"
"Effectifs des étudiants des universités publiques par Faculté_Ecole_Institut et par Sexe","ESA","F","Nombre","2013","117"
"Effectifs des étudiants des universités publiques par Faculté_Ecole_Institut et par Sexe","ESA","F","Nombre","2014","152"
"Effectifs des étudiants des universités publiques par Faculté_Ecole_Institut et par Sexe","ESA","F","Nombre","2015","160"
"Effectifs des étudiants des universités publiques par Faculté_Ecole_Institut et par Sexe","ESA","F","Nombre","2016","197"
"Effectifs des étudiants des universités publiques par Faculté_Ecole_Institut et par Sexe","ESA","F","Nombre","2017","194"
"Effectifs des étudiants des universités publiques par Faculté_Ecole_Institut et par Sexe","ESA","F","Nombre","2018","227"
"Effectifs des étudiants des universités publiques par Faculté_Ecole_Institut et par Sexe","ESA","M","Nombre","2013","931"
"Effectifs des étudiants des universités publiques par Faculté_Ecole_Institut et par Sexe","ESA","M","Nombre","2014","1011"
"Effectifs des étudiants des universités publiques par Faculté_Ecole_Institut et par Sexe","ESA","M","Nombre","2015","903"
"Effectifs des étudiants des universités publiques par Faculté_Ecole_Institut et par Sexe","ESA","M","Nombre","2016","1043"
"Effectifs des étudiants des universités publiques par Faculté_Ecole_Institut et par Sexe","ESA","M","Nombre","2017","1018"
"Effectifs des étudiants des universités publiques par Faculté_Ecole_Institut et par Sexe","ESA","M","Nombre","2018","982"
"Effectifs des étudiants des universités publiques par Faculté_Ecole_Institut et par Sexe","ESAAD","TOTAL","Nombre","2013","0"
"Effectifs des étudiants des universités publiques par Faculté_Ecole_Institut et par Sexe","ESAAD","TOTAL","Nombre","2014","0"
"Effectifs des étudiants des universités publiques par Faculté_Ecole_Institut et par Sexe","ESAAD","TOTAL","Nombre","2015","406"
"Effectifs des étudiants des universités publiques par Faculté_Ecole_Institut et par Sexe","ESAAD","TOTAL","Nombre","2016","423"
"Effectifs des étudiants des universités publiques par Faculté_Ecole_Institut et par Sexe","ESAAD","TOTAL","Nombre","2017","417"
"Effectifs des étudiants des universités publiques par Faculté_Ecole_Institut et par Sexe","ESAAD","TOTAL","Nombre","2018","408"
"Effectifs des étudiants des universités publiques par Faculté_Ecole_Institut et par Sexe","ESAAD","F","Nombre","2013","0"
"Effectifs des étudiants des universités publiques par Faculté_Ecole_Institut et par Sexe","ESAAD","F","Nombre","2014","0"
"Effectifs des étudiants des universités publiques par Faculté_Ecole_Institut et par Sexe","ESAAD","F","Nombre","2015","377"
"Effectifs des étudiants des universités publiques par Faculté_Ecole_Institut et par Sexe","ESAAD","F","Nombre","2016","396"
"Effectifs des étudiants des universités publiques par Faculté_Ecole_Institut et par Sexe","ESAAD","F","Nombre","2017","392"
"Effectifs des étudiants des universités publiques par Faculté_Ecole_Institut et par Sexe","ESAAD","F","Nombre","2018","388"
"Effectifs des étudiants des universités publiques par Faculté_Ecole_Institut et par Sexe","ESAAD","M","Nombre","2013","0"
"Effectifs des étudiants des universités publiques par Faculté_Ecole_Institut et par Sexe","ESAAD","M","Nombre","2014","0"
"Effectifs des étudiants des universités publiques par Faculté_Ecole_Institut et par Sexe","ESAAD","M","Nombre","2015","29"
"Effectifs des étudiants des universités publiques par Faculté_Ecole_Institut et par Sexe","ESAAD","M","Nombre","2016","27"
"Effectifs des étudiants des universités publiques par Faculté_Ecole_Institut et par Sexe","ESAAD","M","Nombre","2017","25"
"Effectifs des étudiants des universités publiques par Faculté_Ecole_Institut et par Sexe","ESAAD","M","Nombre","2018","20"
"Effectifs des étudiants des universités publiques par Faculté_Ecole_Institut et par Sexe","ESSD","TOTAL","Nombre","2013","339"
"Effectifs des étudiants des universités publiques par Faculté_Ecole_Institut et par Sexe","ESSD","TOTAL","Nombre","2014","395"
"Effectifs des étudiants des universités publiques par Faculté_Ecole_Institut et par Sexe","ESSD","TOTAL","Nombre","2015","0"
"Effectifs des étudiants des universités publiques par Faculté_Ecole_Institut et par Sexe","ESSD","TOTAL","Nombre","2016","0"
"Effectifs des étudiants des universités publiques par Faculté_Ecole_Institut et par Sexe","ESSD","TOTAL","Nombre","2017","0"
"Effectifs des étudiants des universités publiques par Faculté_Ecole_Institut et par Sexe","ESSD","TOTAL","Nombre","2018","0"
"Effectifs des étudiants des universités publiques par Faculté_Ecole_Institut et par Sexe","ESSD","F","Nombre","2013","313"
"Effectifs des étudiants des universités publiques par Faculté_Ecole_Institut et par Sexe","ESSD","F","Nombre","2014","364"
"Effectifs des étudiants des universités publiques par Faculté_Ecole_Institut et par Sexe","ESSD","F","Nombre","2015","0"
"Effectifs des étudiants des universités publiques par Faculté_Ecole_Institut et par Sexe","ESSD","F","Nombre","2016","0"
"Effectifs des étudiants des universités publiques par Faculté_Ecole_Institut et par Sexe","ESSD","F","Nombre","2017","0"
"Effectifs des étudiants des universités publiques par Faculté_Ecole_Institut et par Sexe","ESSD","F","Nombre","2018","0"
"Effectifs des étudiants des universités publiques par Faculté_Ecole_Institut et par Sexe","ESSD","M","Nombre","2013","26"
"Effectifs des étudiants des universités publiques par Faculté_Ecole_Institut et par Sexe","ESSD","M","Nombre","2014","31"
"Effectifs des étudiants des universités publiques par Faculté_Ecole_Institut et par Sexe","ESSD","M","Nombre","2015","0"
"Effectifs des étudiants des universités publiques par Faculté_Ecole_Institut et par Sexe","ESSD","M","Nombre","2016","0"
"Effectifs des étudiants des universités publiques par Faculté_Ecole_Institut et par Sexe","ESSD","M","Nombre","2017","0"
"Effectifs des étudiants des universités publiques par Faculté_Ecole_Institut et par Sexe","ESSD","M","Nombre","2018","0"
"Effectifs des étudiants des universités publiques par Faculté_Ecole_Institut et par Sexe","ESTBA","TOTAL","Nombre","2013","838"
"Effectifs des étudiants des universités publiques par Faculté_Ecole_Institut et par Sexe","ESTBA","TOTAL","Nombre","2014","994"
"Effectifs des étudiants des universités publiques par Faculté_Ecole_Institut et par Sexe","ESTBA","TOTAL","Nombre","2015","1005"
"Effectifs des étudiants des universités publiques par Faculté_Ecole_Institut et par Sexe","ESTBA","TOTAL","Nombre","2016","990"
"Effectifs des étudiants des universités publiques par Faculté_Ecole_Institut et par Sexe","ESTBA","TOTAL","Nombre","2017","914"
"Effectifs des étudiants des universités publiques par Faculté_Ecole_Institut et par Sexe","ESTBA","TOTAL","Nombre","2018","756"
"Effectifs des étudiants des universités publiques par Faculté_Ecole_Institut et par Sexe","ESTBA","F","Nombre","2013","241"
"Effectifs des étudiants des universités publiques par Faculté_Ecole_Institut et par Sexe","ESTBA","F","Nombre","2014","287"
"Effectifs des étudiants des universités publiques par Faculté_Ecole_Institut et par Sexe","ESTBA","F","Nombre","2015","283"
"Effectifs des étudiants des universités publiques par Faculté_Ecole_Institut et par Sexe","ESTBA","F","Nombre","2016","287"
"Effectifs des étudiants des universités publiques par Faculté_Ecole_Institut et par Sexe","ESTBA","F","Nombre","2017","288"
"Effectifs des étudiants des universités publiques par Faculté_Ecole_Institut et par Sexe","ESTBA","F","Nombre","2018","235"
"Effectifs des étudiants des universités publiques par Faculté_Ecole_Institut et par Sexe","ESTBA","M","Nombre","2013","597"
"Effectifs des étudiants des universités publiques par Faculté_Ecole_Institut et par Sexe","ESTBA","M","Nombre","2014","707"
"Effectifs des étudiants des universités publiques par Faculté_Ecole_Institut et par Sexe","ESTBA","M","Nombre","2015","722"
"Effectifs des étudiants des universités publiques par Faculté_Ecole_Institut et par Sexe","ESTBA","M","Nombre","2016","703"
"Effectifs des étudiants des universités publiques par Faculté_Ecole_Institut et par Sexe","ESTBA","M","Nombre","2017","626"
"Effectifs des étudiants des universités publiques par Faculté_Ecole_Institut et par Sexe","ESTBA","M","Nombre","2018","521"
"Effectifs des étudiants des universités publiques par Faculté_Ecole_Institut et par Sexe","FASEG","TOTAL","Nombre","2013","10254"
"Effectifs des étudiants des universités publiques par Faculté_Ecole_Institut et par Sexe","FASEG","TOTAL","Nombre","2014","9786"
"Effectifs des étudiants des universités publiques par Faculté_Ecole_Institut et par Sexe","FASEG","TOTAL","Nombre","2015","10405"
"Effectifs des étudiants des universités publiques par Faculté_Ecole_Institut et par Sexe","FASEG","TOTAL","Nombre","2016","12328"
"Effectifs des étudiants des universités publiques par Faculté_Ecole_Institut et par Sexe","FASEG","TOTAL","Nombre","2017","13656"
"Effectifs des étudiants des universités publiques par Faculté_Ecole_Institut et par Sexe","FASEG","TOTAL","Nombre","2018","14686"
"Effectifs des étudiants des universités publiques par Faculté_Ecole_Institut et par Sexe","FASEG","F","Nombre","2013","2434"
"Effectifs des étudiants des universités publiques par Faculté_Ecole_Institut et par Sexe","FASEG","F","Nombre","2014","2455"
"Effectifs des étudiants des universités publiques par Faculté_Ecole_Institut et par Sexe","FASEG","F","Nombre","2015","2679"
"Effectifs des étudiants des universités publiques par Faculté_Ecole_Institut et par Sexe","FASEG","F","Nombre","2016","3562"
"Effectifs des étudiants des universités publiques par Faculté_Ecole_Institut et par Sexe","FASEG","F","Nombre","2017","4244"
"Effectifs des étudiants des universités publiques par Faculté_Ecole_Institut et par Sexe","FASEG","F","Nombre","2018","4935"
"Effectifs des étudiants des universités publiques par Faculté_Ecole_Institut et par Sexe","FASEG","M","Nombre","2013","7820"
"Effectifs des étudiants des universités publiques par Faculté_Ecole_Institut et par Sexe","FASEG","M","Nombre","2014","7331"
"Effectifs des étudiants des universités publiques par Faculté_Ecole_Institut et par Sexe","FASEG","M","Nombre","2015","7726"
"Effectifs des étudiants des universités publiques par Faculté_Ecole_Institut et par Sexe","FASEG","M","Nombre","2016","8766"
"Effectifs des étudiants des universités publiques par Faculté_Ecole_Institut et par Sexe","FASEG","M","Nombre","2017","9412"
"Effectifs des étudiants des universités publiques par Faculté_Ecole_Institut et par Sexe","FASEG","M","Nombre","2018","9751"
"Effectifs des étudiants des universités publiques par Faculté_Ecole_Institut et par Sexe","FDD","TOTAL","Nombre","2013","5703"
"Effectifs des étudiants des universités publiques par Faculté_Ecole_Institut et par Sexe","FDD","TOTAL","Nombre","2014","5288"
"Effectifs des étudiants des universités publiques par Faculté_Ecole_Institut et par Sexe","FDD","TOTAL","Nombre","2015","5852"
"Effectifs des étudiants des universités publiques par Faculté_Ecole_Institut et par Sexe","FDD","TOTAL","Nombre","2016","6593"
"Effectifs des étudiants des universités publiques par Faculté_Ecole_Institut et par Sexe","FDD","TOTAL","Nombre","2017","6638"
"Effectifs des étudiants des universités publiques par Faculté_Ecole_Institut et par Sexe","FDD","TOTAL","Nombre","2018","7117"
"Effectifs des étudiants des universités publiques par Faculté_Ecole_Institut et par Sexe","FDD","F","Nombre","2013","1770"
"Effectifs des étudiants des universités publiques par Faculté_Ecole_Institut et par Sexe","FDD","F","Nombre","2014","1657"
"Effectifs des étudiants des universités publiques par Faculté_Ecole_Institut et par Sexe","FDD","F","Nombre","2015","1913"
"Effectifs des étudiants des universités publiques par Faculté_Ecole_Institut et par Sexe","FDD","F","Nombre","2016","2221"
"Effectifs des étudiants des universités publiques par Faculté_Ecole_Institut et par Sexe","FDD","F","Nombre","2017","2333"
"Effectifs des étudiants des universités publiques par Faculté_Ecole_Institut et par Sexe","FDD","F","Nombre","2018","2665"
"Effectifs des étudiants des universités publiques par Faculté_Ecole_Institut et par Sexe","FDD","M","Nombre","2013","3933"
"Effectifs des étudiants des universités publiques par Faculté_Ecole_Institut et par Sexe","FDD","M","Nombre","2014","3631"
"Effectifs des étudiants des universités publiques par Faculté_Ecole_Institut et par Sexe","FDD","M","Nombre","2015","3939"
"Effectifs des étudiants des universités publiques par Faculté_Ecole_Institut et par Sexe","FDD","M","Nombre","2016","4372"
"Effectifs des étudiants des universités publiques par Faculté_Ecole_Institut et par Sexe","FDD","M","Nombre","2017","4305"
"Effectifs des étudiants des universités publiques par Faculté_Ecole_Institut et par Sexe","FDD","M","Nombre","2018","4452"
"Effectifs des étudiants des universités publiques par Faculté_Ecole_Institut et par Sexe","FDS","TOTAL","Nombre","2013","5309"
"Effectifs des étudiants des universités publiques par Faculté_Ecole_Institut et par Sexe","FDS","TOTAL","Nombre","2014","5196"
"Effectifs des étudiants des universités publiques par Faculté_Ecole_Institut et par Sexe","FDS","TOTAL","Nombre","2015","5535"
"Effectifs des étudiants des universités publiques par Faculté_Ecole_Institut et par Sexe","FDS","TOTAL","Nombre","2016","6439"
"Effectifs des étudiants des universités publiques par Faculté_Ecole_Institut et par Sexe","FDS","TOTAL","Nombre","2017","6928"
"Effectifs des étudiants des universités publiques par Faculté_Ecole_Institut et par Sexe","FDS","TOTAL","Nombre","2018","8622"
"Effectifs des étudiants des universités publiques par Faculté_Ecole_Institut et par Sexe","FDS","F","Nombre","2013","840"
"Effectifs des étudiants des universités publiques par Faculté_Ecole_Institut et par Sexe","FDS","F","Nombre","2014","819"
"Effectifs des étudiants des universités publiques par Faculté_Ecole_Institut et par Sexe","FDS","F","Nombre","2015","949"
"Effectifs des étudiants des universités publiques par Faculté_Ecole_Institut et par Sexe","FDS","F","Nombre","2016","1223"
"Effectifs des étudiants des universités publiques par Faculté_Ecole_Institut et par Sexe","FDS","F","Nombre","2017","1258"
"Effectifs des étudiants des universités publiques par Faculté_Ecole_Institut et par Sexe","FDS","F","Nombre","2018","1796"
"Effectifs des étudiants des universités publiques par Faculté_Ecole_Institut et par Sexe","FDS","M","Nombre","2013","4469"
"Effectifs des étudiants des universités publiques par Faculté_Ecole_Institut et par Sexe","FDS","M","Nombre","2014","4377"
"Effectifs des étudiants des universités publiques par Faculté_Ecole_Institut et par Sexe","FDS","M","Nombre","2015","4586"
"Effectifs des étudiants des universités publiques par Faculté_Ecole_Institut et par Sexe","FDS","M","Nombre","2016","5216"
"Effectifs des étudiants des universités publiques par Faculté_Ecole_Institut et par Sexe","FDS","M","Nombre","2017","5670"
"Effectifs des étudiants des universités publiques par Faculté_Ecole_Institut et par Sexe","FDS","M","Nombre","2018","6826"
"Effectifs des étudiants des universités publiques par Faculté_Ecole_Institut et par Sexe","FLESH","TOTAL","Nombre","2013","16664"
"Effectifs des étudiants des universités publiques par Faculté_Ecole_Institut et par Sexe","FLESH","TOTAL","Nombre","2014","15704"
"Effectifs des étudiants des universités publiques par Faculté_Ecole_Institut et par Sexe","FLESH","TOTAL","Nombre","2015","0"
"Effectifs des étudiants des universités publiques par Faculté_Ecole_Institut et par Sexe","FLESH","TOTAL","Nombre","2016","0"
"Effectifs des étudiants des universités publiques par Faculté_Ecole_Institut et par Sexe","FLESH","TOTAL","Nombre","2017","0"
"Effectifs des étudiants des universités publiques par Faculté_Ecole_Institut et par Sexe","FLESH","TOTAL","Nombre","2018","0"
"Effectifs des étudiants des universités publiques par Faculté_Ecole_Institut et par Sexe","FLESH","F","Nombre","2013","4994"
"Effectifs des étudiants des universités publiques par Faculté_Ecole_Institut et par Sexe","FLESH","F","Nombre","2014","4735"
"Effectifs des étudiants des universités publiques par Faculté_Ecole_Institut et par Sexe","FLESH","F","Nombre","2015","0"
"Effectifs des étudiants des universités publiques par Faculté_Ecole_Institut et par Sexe","FLESH","F","Nombre","2016","0"
"Effectifs des étudiants des universités publiques par Faculté_Ecole_Institut et par Sexe","FLESH","F","Nombre","2017","0"
"Effectifs des étudiants des universités publiques par Faculté_Ecole_Institut et par Sexe","FLESH","F","Nombre","2018","0"
"Effectifs des étudiants des universités publiques par Faculté_Ecole_Institut et par Sexe","FLESH","M","Nombre","2013","11670"
"Effectifs des étudiants des universités publiques par Faculté_Ecole_Institut et par Sexe","FLESH","M","Nombre","2014","10969"
"Effectifs des étudiants des universités publiques par Faculté_Ecole_Institut et par Sexe","FLESH","M","Nombre","2015","0"
"Effectifs des étudiants des universités publiques par Faculté_Ecole_Institut et par Sexe","FLESH","M","Nombre","2016","0"
"Effectifs des étudiants des universités publiques par Faculté_Ecole_Institut et par Sexe","FLESH","M","Nombre","2017","0"
"Effectifs des étudiants des universités publiques par Faculté_Ecole_Institut et par Sexe","FLESH","M","Nombre","2018","0"
"Effectifs des étudiants des universités publiques par Faculté_Ecole_Institut et par Sexe","FLLA","TOTAL","Nombre","2013","0"
"Effectifs des étudiants des universités publiques par Faculté_Ecole_Institut et par Sexe","FLLA","TOTAL","Nombre","2014","0"
"Effectifs des étudiants des universités publiques par Faculté_Ecole_Institut et par Sexe","FLLA","TOTAL","Nombre","2015","6178"
"Effectifs des étudiants des universités publiques par Faculté_Ecole_Institut et par Sexe","FLLA","TOTAL","Nombre","2016","7243"
"Effectifs des étudiants des universités publiques par Faculté_Ecole_Institut et par Sexe","FLLA","TOTAL","Nombre","2017","7238"
"Effectifs des étudiants des universités publiques par Faculté_Ecole_Institut et par Sexe","FLLA","TOTAL","Nombre","2018","7829"
"Effectifs des étudiants des universités publiques par Faculté_Ecole_Institut et par Sexe","FLLA","F","Nombre","2013","0"
"Effectifs des étudiants des universités publiques par Faculté_Ecole_Institut et par Sexe","FLLA","F","Nombre","2014","0"
"Effectifs des étudiants des universités publiques par Faculté_Ecole_Institut et par Sexe","FLLA","F","Nombre","2015","2022"
"Effectifs des étudiants des universités publiques par Faculté_Ecole_Institut et par Sexe","FLLA","F","Nombre","2016","2471"
"Effectifs des étudiants des universités publiques par Faculté_Ecole_Institut et par Sexe","FLLA","F","Nombre","2017","2463"
"Effectifs des étudiants des universités publiques par Faculté_Ecole_Institut et par Sexe","FLLA","F","Nombre","2018","2992"
"Effectifs des étudiants des universités publiques par Faculté_Ecole_Institut et par Sexe","FLLA","M","Nombre","2013","0"
"Effectifs des étudiants des universités publiques par Faculté_Ecole_Institut et par Sexe","FLLA","M","Nombre","2014","0"
"Effectifs des étudiants des universités publiques par Faculté_Ecole_Institut et par Sexe","FLLA","M","Nombre","2015","4156"
"Effectifs des étudiants des universités publiques par Faculté_Ecole_Institut et par Sexe","FLLA","M","Nombre","2016","4772"
"Effectifs des étudiants des universités publiques par Faculté_Ecole_Institut et par Sexe","FLLA","M","Nombre","2017","4775"
"Effectifs des étudiants des universités publiques par Faculté_Ecole_Institut et par Sexe","FLLA","M","Nombre","2018","4837"
"Effectifs des étudiants des universités publiques par Faculté_Ecole_Institut et par Sexe","FSHS","TOTAL","Nombre","2013","0"
"Effectifs des étudiants des universités publiques par Faculté_Ecole_Institut et par Sexe","FSHS","TOTAL","Nombre","2014","0"
"Effectifs des étudiants des universités publiques par Faculté_Ecole_Institut et par Sexe","FSHS","TOTAL","Nombre","2015","9916"
"Effectifs des étudiants des universités publiques par Faculté_Ecole_Institut et par Sexe","FSHS","TOTAL","Nombre","2016","11180"
"Effectifs des étudiants des universités publiques par Faculté_Ecole_Institut et par Sexe","FSHS","TOTAL","Nombre","2017","10735"
"Effectifs des étudiants des universités publiques par Faculté_Ecole_Institut et par Sexe","FSHS","TOTAL","Nombre","2018","10953"
"Effectifs des étudiants des universités publiques par Faculté_Ecole_Institut et par Sexe","FSHS","F","Nombre","2013","0"
"Effectifs des étudiants des universités publiques par Faculté_Ecole_Institut et par Sexe","FSHS","F","Nombre","2014","0"
"Effectifs des étudiants des universités publiques par Faculté_Ecole_Institut et par Sexe","FSHS","F","Nombre","2015","2870"
"Effectifs des étudiants des universités publiques par Faculté_Ecole_Institut et par Sexe","FSHS","F","Nombre","2016","3329"
"Effectifs des étudiants des universités publiques par Faculté_Ecole_Institut et par Sexe","FSHS","F","Nombre","2017","3154"
"Effectifs des étudiants des universités publiques par Faculté_Ecole_Institut et par Sexe","FSHS","F","Nombre","2018","3386"
"Effectifs des étudiants des universités publiques par Faculté_Ecole_Institut et par Sexe","FSHS","M","Nombre","2013","0"
"Effectifs des étudiants des universités publiques par Faculté_Ecole_Institut et par Sexe","FSHS","M","Nombre","2014","0"
"Effectifs des étudiants des universités publiques par Faculté_Ecole_Institut et par Sexe","FSHS","M","Nombre","2015","7046"
"Effectifs des étudiants des universités publiques par Faculté_Ecole_Institut et par Sexe","FSHS","M","Nombre","2016","7851"
"Effectifs des étudiants des universités publiques par Faculté_Ecole_Institut et par Sexe","FSHS","M","Nombre","2017","7581"
"Effectifs des étudiants des universités publiques par Faculté_Ecole_Institut et par Sexe","FSHS","M","Nombre","2018","7567"
"Effectifs des étudiants des universités publiques par Faculté_Ecole_Institut et par Sexe","FSS","TOTAL","Nombre","2013","1387"
"Effectifs des étudiants des universités publiques par Faculté_Ecole_Institut et par Sexe","FSS","TOTAL","Nombre","2014","1583"
"Effectifs des étudiants des universités publiques par Faculté_Ecole_Institut et par Sexe","FSS","TOTAL","Nombre","2015","1741"
"Effectifs des étudiants des universités publiques par Faculté_Ecole_Institut et par Sexe","FSS","TOTAL","Nombre","2016","1609"
"Effectifs des étudiants des universités publiques par Faculté_Ecole_Institut et par Sexe","FSS","TOTAL","Nombre","2017","1814"
"Effectifs des étudiants des universités publiques par Faculté_Ecole_Institut et par Sexe","FSS","TOTAL","Nombre","2018","1936"
"Effectifs des étudiants des universités publiques par Faculté_Ecole_Institut et par Sexe","FSS","F","Nombre","2013","304"
"Effectifs des étudiants des universités publiques par Faculté_Ecole_Institut et par Sexe","FSS","F","Nombre","2014","382"
"Effectifs des étudiants des universités publiques par Faculté_Ecole_Institut et par Sexe","FSS","F","Nombre","2015","467"
"Effectifs des étudiants des universités publiques par Faculté_Ecole_Institut et par Sexe","FSS","F","Nombre","2016","414"
"Effectifs des étudiants des universités publiques par Faculté_Ecole_Institut et par Sexe","FSS","F","Nombre","2017","503"
"Effectifs des étudiants des universités publiques par Faculté_Ecole_Institut et par Sexe","FSS","F","Nombre","2018","565"
"Effectifs des étudiants des universités publiques par Faculté_Ecole_Institut et par Sexe","FSS","M","Nombre","2013","1083"
"Effectifs des étudiants des universités publiques par Faculté_Ecole_Institut et par Sexe","FSS","M","Nombre","2014","1201"
"Effectifs des étudiants des universités publiques par Faculté_Ecole_Institut et par Sexe","FSS","M","Nombre","2015","1274"
"Effectifs des étudiants des universités publiques par Faculté_Ecole_Institut et par Sexe","FSS","M","Nombre","2016","1195"
"Effectifs des étudiants des universités publiques par Faculté_Ecole_Institut et par Sexe","FSS","M","Nombre","2017","1311"
"Effectifs des étudiants des universités publiques par Faculté_Ecole_Institut et par Sexe","FSS","M","Nombre","2018","1371"
"Effectifs des étudiants des universités publiques par Faculté_Ecole_Institut et par Sexe","INSE","TOTAL","Nombre","2013","436"
"Effectifs des étudiants des universités publiques par Faculté_Ecole_Institut et par Sexe","INSE","TOTAL","Nombre","2014","435"
"Effectifs des étudiants des universités publiques par Faculté_Ecole_Institut et par Sexe","INSE","TOTAL","Nombre","2015","445"
"Effectifs des étudiants des universités publiques par Faculté_Ecole_Institut et par Sexe","INSE","TOTAL","Nombre","2016","395"
"Effectifs des étudiants des universités publiques par Faculté_Ecole_Institut et par Sexe","INSE","TOTAL","Nombre","2017","380"
"Effectifs des étudiants des universités publiques par Faculté_Ecole_Institut et par Sexe","INSE","TOTAL","Nombre","2018","378"
"Effectifs des étudiants des universités publiques par Faculté_Ecole_Institut et par Sexe","INSE","F","Nombre","2013","162"
"Effectifs des étudiants des universités publiques par Faculté_Ecole_Institut et par Sexe","INSE","F","Nombre","2014","155"
"Effectifs des étudiants des universités publiques par Faculté_Ecole_Institut et par Sexe","INSE","F","Nombre","2015","169"
"Effectifs des étudiants des universités publiques par Faculté_Ecole_Institut et par Sexe","INSE","F","Nombre","2016","145"
"Effectifs des étudiants des universités publiques par Faculté_Ecole_Institut et par Sexe","INSE","F","Nombre","2017","153"
"Effectifs des étudiants des universités publiques par Faculté_Ecole_Institut et par Sexe","INSE","F","Nombre","2018","167"
"Effectifs des étudiants des universités publiques par Faculté_Ecole_Institut et par Sexe","INSE","M","Nombre","2013","274"
"Effectifs des étudiants des universités publiques par Faculté_Ecole_Institut et par Sexe","INSE","M","Nombre","2014","280"
"Effectifs des étudiants des universités publiques par Faculté_Ecole_Institut et par Sexe","INSE","M","Nombre","2015","276"
"Effectifs des étudiants des universités publiques par Faculté_Ecole_Institut et par Sexe","INSE","M","Nombre","2016","250"
"Effectifs des étudiants des universités publiques par Faculté_Ecole_Institut et par Sexe","INSE","M","Nombre","2017","227"
"Effectifs des étudiants des universités publiques par Faculté_Ecole_Institut et par Sexe","INSE","M","Nombre","2018","211"
"Effectifs des étudiants des universités publiques par Faculté_Ecole_Institut et par Sexe","ISICA","TOTAL","Nombre","2013","269"
"Effectifs des étudiants des universités publiques par Faculté_Ecole_Institut et par Sexe","ISICA","TOTAL","Nombre","2014","287"
"Effectifs des étudiants des universités publiques par Faculté_Ecole_Institut et par Sexe","ISICA","TOTAL","Nombre","2015","301"
"Effectifs des étudiants des universités publiques par Faculté_Ecole_Institut et par Sexe","ISICA","TOTAL","Nombre","2016","285"
"Effectifs des étudiants des universités publiques par Faculté_Ecole_Institut et par Sexe","ISICA","TOTAL","Nombre","2017","287"
"Effectifs des étudiants des universités publiques par Faculté_Ecole_Institut et par Sexe","ISICA","TOTAL","Nombre","2018","268"
"Effectifs des étudiants des universités publiques par Faculté_Ecole_Institut et par Sexe","ISICA","F","Nombre","2013","172"
"Effectifs des étudiants des universités publiques par Faculté_Ecole_Institut et par Sexe","ISICA","F","Nombre","2014","177"
"Effectifs des étudiants des universités publiques par Faculté_Ecole_Institut et par Sexe","ISICA","F","Nombre","2015","185"
"Effectifs des étudiants des universités publiques par Faculté_Ecole_Institut et par Sexe","ISICA","F","Nombre","2016","177"
"Effectifs des étudiants des universités publiques par Faculté_Ecole_Institut et par Sexe","ISICA","F","Nombre","2017","182"
"Effectifs des étudiants des universités publiques par Faculté_Ecole_Institut et par Sexe","ISICA","F","Nombre","2018","159"
"Effectifs des étudiants des universités publiques par Faculté_Ecole_Institut et par Sexe","ISICA","M","Nombre","2013","97"
"Effectifs des étudiants des universités publiques par Faculté_Ecole_Institut et par Sexe","ISICA","M","Nombre","2014","110"
"Effectifs des étudiants des universités publiques par Faculté_Ecole_Institut et par Sexe","ISICA","M","Nombre","2015","116"
"Effectifs des étudiants des universités publiques par Faculté_Ecole_Institut et par Sexe","ISICA","M","Nombre","2016","108"
"Effectifs des étudiants des universités publiques par Faculté_Ecole_Institut et par Sexe","ISICA","M","Nombre","2017","105"
"Effectifs des étudiants des universités publiques par Faculté_Ecole_Institut et par Sexe","ISICA","M","Nombre","2018","109"
"Effectifs des étudiants des universités publiques par Faculté_Ecole_Institut et par Sexe","IUTG","TOTAL","Nombre","2013","266"
"Effectifs des étudiants des universités publiques par Faculté_Ecole_Institut et par Sexe","IUTG","TOTAL","Nombre","2014","308"
"Effectifs des étudiants des universités publiques par Faculté_Ecole_Institut et par Sexe","IUTG","TOTAL","Nombre","2015","311"
"Effectifs des étudiants des universités publiques par Faculté_Ecole_Institut et par Sexe","IUTG","TOTAL","Nombre","2016","288"
"Effectifs des étudiants des universités publiques par Faculté_Ecole_Institut et par Sexe","IUTG","TOTAL","Nombre","2017","266"
"Effectifs des étudiants des universités publiques par Faculté_Ecole_Institut et par Sexe","IUTG","TOTAL","Nombre","2018","268"
"Effectifs des étudiants des universités publiques par Faculté_Ecole_Institut et par Sexe","IUTG","F","Nombre","2013","80"
"Effectifs des étudiants des universités publiques par Faculté_Ecole_Institut et par Sexe","IUTG","F","Nombre","2014","88"
"Effectifs des étudiants des universités publiques par Faculté_Ecole_Institut et par Sexe","IUTG","F","Nombre","2015","101"
"Effectifs des étudiants des universités publiques par Faculté_Ecole_Institut et par Sexe","IUTG","F","Nombre","2016","100"
"Effectifs des étudiants des universités publiques par Faculté_Ecole_Institut et par Sexe","IUTG","F","Nombre","2017","94"
"Effectifs des étudiants des universités publiques par Faculté_Ecole_Institut et par Sexe","IUTG","F","Nombre","2018","118"
"Effectifs des étudiants des universités publiques par Faculté_Ecole_Institut et par Sexe","IUTG","M","Nombre","2013","186"
"Effectifs des étudiants des universités publiques par Faculté_Ecole_Institut et par Sexe","IUTG","M","Nombre","2014","220"
"Effectifs des étudiants des universités publiques par Faculté_Ecole_Institut et par Sexe","IUTG","M","Nombre","2015","210"
"Effectifs des étudiants des universités publiques par Faculté_Ecole_Institut et par Sexe","IUTG","M","Nombre","2016","188"
"Effectifs des étudiants des universités publiques par Faculté_Ecole_Institut et par Sexe","IUTG","M","Nombre","2017","172"
"Effectifs des étudiants des universités publiques par Faculté_Ecole_Institut et par Sexe","IUTG","M","Nombre","2018","150"
"Effectifs des étudiants des universités publiques par Faculté_Ecole_Institut et par Sexe","TOTAL Ul","TOTAL","Nombre","2013","43468"
"Effectifs des étudiants des universités publiques par Faculté_Ecole_Institut et par Sexe","TOTAL Ul","TOTAL","Nombre","2014","41918"
"Effectifs des étudiants des universités publiques par Faculté_Ecole_Institut et par Sexe","TOTAL Ul","TOTAL","Nombre","2015","43969"
"Effectifs des étudiants des universités publiques par Faculté_Ecole_Institut et par Sexe","TOTAL Ul","TOTAL","Nombre","2016","50117"
"Effectifs des étudiants des universités publiques par Faculté_Ecole_Institut et par Sexe","TOTAL Ul","TOTAL","Nombre","2017","51695"
"Effectifs des étudiants des universités publiques par Faculté_Ecole_Institut et par Sexe","TOTAL Ul","TOTAL","Nombre","2018","55781"
"Effectifs des étudiants des universités publiques par Faculté_Ecole_Institut et par Sexe","TOTAL Ul","F","Nombre","2013","11564"
"Effectifs des étudiants des universités publiques par Faculté_Ecole_Institut et par Sexe","TOTAL Ul","F","Nombre","2014","11338"
"Effectifs des étudiants des universités publiques par Faculté_Ecole_Institut et par Sexe","TOTAL Ul","F","Nombre","2015","12222"
"Effectifs des étudiants des universités publiques par Faculté_Ecole_Institut et par Sexe","TOTAL Ul","F","Nombre","2016","14599"
"Effectifs des étudiants des universités publiques par Faculté_Ecole_Institut et par Sexe","TOTAL Ul","F","Nombre","2017","15334"
"Effectifs des étudiants des universités publiques par Faculté_Ecole_Institut et par Sexe","TOTAL Ul","F","Nombre","2018","17733"
"Effectifs des étudiants des universités publiques par Faculté_Ecole_Institut et par Sexe","TOTAL Ul","M","Nombre","2013","31904"
"Effectifs des étudiants des universités publiques par Faculté_Ecole_Institut et par Sexe","TOTAL Ul","M","Nombre","2014","30580"
"Effectifs des étudiants des universités publiques par Faculté_Ecole_Institut et par Sexe","TOTAL Ul","M","Nombre","2015","31747"
"Effectifs des étudiants des universités publiques par Faculté_Ecole_Institut et par Sexe","TOTAL Ul","M","Nombre","2016","35518"
"Effectifs des étudiants des universités publiques par Faculté_Ecole_Institut et par Sexe","TOTAL Ul","M","Nombre","2017","36361"
"Effectifs des étudiants des universités publiques par Faculté_Ecole_Institut et par Sexe","TOTAL Ul","M","Nombre","2018","38048"
